	dass	dfcp
,	573.0	12.0
.	279.0	2.0
und	223.0	5.0
ich	207.0	4.0
?	194.0	4.0
so	180.0	5.0
au	120.0	2.0
i	119.0	6.0
isch	118.0	6.0
han	117.0	1.0
de	116.0	4.0
du	111.0	2.0
ned	107.0	
aber	105.0	2.0
Ich	100.0	1.0
das	90.0	1.0
het	88.0	1.0
nid	88.0	1.0
emojiQfaceWithTearsOfJoy	86.0	
es	86.0	
!	83.0	4.0
...	82.0	2.0
scho	79.0	2.0
no	75.0	2.0
denn	74.0	1.0
nöd	73.0	1.0
sie	72.0	
ha	71.0	4.0
..	68.0	2.0
Jo	66.0	1.0
er	65.0	1.0
mer	63.0	1.0
guet	63.0	1.0
mediaQremoved	62.0	
mir	62.0	3.0
ish	61.0	
Und	60.0	3.0
ja	59.0	1.0
:)	58.0	2.0
eifach	57.0	
am	56.0	3.0
mit	56.0	1.0
dass	55.0	1.0
emojiQheavyBlackHeart	55.0	
Aber	52.0	2.0
s	52.0	1.0
dir	50.0	
jo	48.0	1.0
^^	47.0	1.0
will	46.0	
d	46.0	
weiss	45.0	3.0
voll	45.0	
uf	44.0	5.0
vo	44.0	1.0
emojiQsmilingFaceWithOpenMouthAndSmilingEyes	44.0	
die	43.0	
hani	43.0	1.0
si	42.0	3.0
bi	42.0	2.0
gseit	42.0	
gsi	41.0	2.0
hesch	40.0	
redactedQ1tokens4characters	39.0	
mal	39.0	
sicher	39.0	1.0
emojiQfaceThrowingAKiss	37.0	
I	37.0	
redactedQ1tokens3characters	37.0	1.0
Ja	37.0	1.0
glaub	37.0	1.0
luege	37.0	1.0
im	37.0	2.0
grad	37.0	1.0
denkt	36.0	
nur	36.0	
gwüsst	35.0	
wenn	35.0	
Du	34.0	
redactedQ1tokens2characters	34.0	
hend	33.0	
bin	33.0	2.0
der	32.0	1.0
emojiQwhiteSmilingFace	32.0	
oder	32.0	
en	31.0	1.0
Haha	31.0	
gha	31.0	
wo	30.0	2.0
chli	29.0	
mich	28.0	
was	28.0	1.0
welle	28.0	
emojiQthumbsUpSign	27.0	
mi	27.0	1.0
dich	26.0	
wie	26.0	
:	26.0	
hed	25.0	
z	25.0	
ah	25.0	
redactedQ1tokens6characters	25.0	
für	25.0	1.0
e	25.0	
S	25.0	
da	25.0	1.0
hahaha	24.0	
haha	24.0	
)	24.0	
emojiQsmilingFaceWithSmilingEyes	24.0	1.0
jetzt	23.0	
""""	23.0	2.0
emojiQgrinningFaceWithSmilingEyes	23.0	
in	23.0	
redactedQ1tokens1characters	23.0	
sege	23.0	
'	23.0	
doch	23.0	
cho	23.0	1.0
Han	23.0	
bisch	23.0	2.0
gseh	23.0	2.0
weisch	23.0	2.0
-	22.0	
hoffe	22.0	
mega	22.0	
&	22.0	
go	21.0	
also	21.0	
mache	21.0	
sich	21.0	
gseid	20.0	
:D	20.0	
redactedQ1tokens5characters	20.0	
gmerkt	20.0	
xD	20.0	1.0
sorry	20.0	
zum	20.0	
nie	19.0	1.0
Das	19.0	
;)	19.0	1.0
ebe	19.0	2.0
Es	19.0	
hett	18.0	
ist	18.0	
sind	18.0	
hei	18.0	1.0
redactedQ2tokens8characters	18.0	1.0
ihre	18.0	
bis	18.0	
gmacht	17.0	
immer	17.0	2.0
esch	17.0	
dier	17.0	1.0
Denn	17.0	
di	17.0	3.0
redactedQ2tokens10characters	17.0	
Was	17.0	1.0
!!	17.0	
zu	17.0	
hesh	17.0	
seit	16.0	2.0
säge	16.0	1.0
bim	16.0	
hüt	16.0	
Ha	16.0	1.0
redactedQ3tokens13characters	16.0	
wieso	16.0	
problem	16.0	1.0
alles	16.0	
eif	15.0	
abr	15.0	1.0
em	15.0	
chasch	15.0	1.0
emojiQsmilingFaceWithHeartShapedEyes	15.0	
viel	15.0	
redactedQ2tokens7characters	15.0	
etz	15.0	
a	15.0	
meh	15.0	
wer	15.0	
us	14.0	
emojiQsmilingFaceWithOpenMouth	14.0	
Wenn	14.0	
emojiQsmirkingFace	14.0	
seg	14.0	
halt	14.0	2.0
:/	14.0	
irgendwie	14.0	
wichtig	14.0	
druf	14.0	1.0
kei	14.0	
klar	14.0	1.0
sii	14.0	
De	14.0	1.0
cha	14.0	1.0
dä	14.0	
mier	14.0	2.0
als	14.0	
wünsch	13.0	
gar	13.0	1.0
ganz	13.0	
chan	13.0	
sho	13.0	
schön	13.0	
vom	13.0	
dem	13.0	
dr	13.0	2.0
mol	13.0	1.0
Nei	13.0	
wet	13.0	
wird	13.0	
me	13.0	
redactedQ2tokens9characters	13.0	
nd	13.0	
gaht	13.0	
emojiQunamusedFace	13.0	
vor	12.0	
emojiQfaceScreamingInFear	12.0	
mini	12.0	2.0
....	12.0	
ech	12.0	
drum	12.0	
!!!	12.0	
redactedQ5tokens23characters	12.0	
finds	12.0	
ob	12.0	
Jaa	12.0	
redactedQ5tokens22characters	12.0	
So	12.0	1.0
morn	12.0	
froh	11.0	
(	11.0	
/	11.0	
:(	11.0	
emojiQfaceWithStuckOutTongueAndWinkingEye	11.0	
redactedQ2tokens22characters	11.0	
??	11.0	
lang	11.0	1.0
denk	11.0	
gmeint	11.0	1.0
cool	11.0	1.0
redactedQ4tokens21characters	11.0	
nach	11.0	
sehr	11.0	
emojiQloudlyCryingFace	11.0	
Ah	11.0	1.0
Also	11.0	
etzt	11.0	
bitte	11.0	
öppis	11.0	1.0
ohni	11.0	1.0
heisst	11.0	1.0
wünsche	11.0	
Sie	10.0	
ehm	10.0	
redactedQ3tokens16characters	10.0	
mim	10.0	
2	10.0	
gfühl	10.0	
find	10.0	
muesch	10.0	
Er	10.0	
nicht	10.0	
ihn	10.0	
ou	10.0	
gad	10.0	
ok	10.0	1.0
emojiQflushedFace	10.0	
tag	10.0	
hoff	10.0	
muess	10.0	
nüm	10.0	1.0
nei	10.0	
min	10.0	
an	10.0	
würd	10.0	
wieder	10.0	1.0
hast	10.0	
verzellt	10.0	
wär	10.0	1.0
eigentlich	9.0	
emojiQsparklingHeart	9.0	
genau	9.0	1.0
Merci	9.0	
?!	9.0	
leid	9.0	
guete	9.0	
besser	9.0	
redactedQ4tokens24characters	9.0	
dänkt	9.0	
redactedQ6tokens30characters	9.0	
Abr	9.0	2.0
[LastName]	9.0	
gester	9.0	1.0
emojiQseeNoEvilMonkey	9.0	1.0
ihm	9.0	1.0
z'	9.0	
erst	9.0	2.0
redactedQ5tokens26characters	9.0	1.0
redactedQ2tokens11characters	9.0	
;-)	9.0	
wele	9.0	
jaa	9.0	
emojiQtwoHearts	9.0	
dra	8.0	
Chasch	8.0	
1	8.0	
ziit	8.0	
iaa	8.0	
emojiQpensiveFace	8.0	1.0
redactedQ5tokens24characters	8.0	
mach	8.0	
gsait	8.0	
gseht	8.0	
xi	8.0	
echt	8.0	
denke	8.0	
wohl	8.0	
Sorry	8.0	
Die	8.0	
redactedQ2tokens20characters	8.0	
eh	8.0	
um	8.0	
gange	8.0	
nüt	8.0	
gschriebe	8.0	1.0
gfunde	8.0	
findet	8.0	
git	8.0	
redactedQ5tokens20characters	8.0	
alli	8.0	
d'	8.0	1.0
is	8.0	
sell	8.0	
glaubt	8.0	
morge	8.0	
super	8.0	
sogar	8.0	1.0
angst	8.0	
gah	7.0	
danke	7.0	
Hahaha	7.0	
nume	7.0	1.0
emojiQcryingFace	7.0	
det	7.0	
redactedQ2tokens13characters	7.0	
zeige	7.0	
redactedQ4tokens20characters	7.0	
redactedQ4tokens16characters	7.0	
redactedQ3tokens15characters	7.0	
gern	7.0	
???	7.0	
musch	7.0	
redactedQ4tokens18characters	7.0	
redactedQ3tokens14characters	7.0	
vlt	7.0	
schribe	7.0	
3	7.0	
:P	7.0	
eine	7.0	
wenns	7.0	
Wie	7.0	1.0
fest	7.0	
Ech	7.0	
wüsse	7.0	
vergässe	7.0	
emojiQrevolvingHearts	7.0	
redactedQ3tokens18characters	7.0	
Da	7.0	
wuche	7.0	
imfall	7.0	
redactedQ3tokens12characters	7.0	
emojiQsmilingCatFaceWithHeartShapedEyes	7.0	
dini	7.0	
richtig	7.0	
lueg	7.0	
hät	7.0	
Hmm	7.0	
redactedQ4tokens19characters	6.0	
xeit	6.0	
auf	6.0	
redactedQ6tokens24characters	6.0	
5	6.0	
Problem	6.0	
noed	6.0	
redactedQ1tokens7characters	6.0	
herzig	6.0	
duuh	6.0	
hans	6.0	
macht	6.0	
troimt	6.0	
überleit	6.0	
ez	6.0	
usegfunde	6.0	1.0
gemerkt	6.0	
wett	6.0	
vergesse	6.0	
woni	6.0	1.0
huere	6.0	1.0
den	6.0	
fertig	6.0	
ebbe	6.0	
redactedQ3tokens17characters	6.0	
merkt	6.0	
ihne	6.0	
ga	6.0	4.0
o	6.0	1.0
hets	6.0	
war	6.0	
dim	6.0	1.0
Ok	6.0	
eltere	6.0	
emojiQwinkingFace	6.0	1.0
normal	6.0	
bini	6.0	
hmm	6.0	
bla	6.0	
mami	6.0	
verstah	6.0	
Glück	6.0	
warum	6.0	
Bi	6.0	
redactedQ5tokens29characters	6.0	
andere	6.0	
chönne	6.0	
esse	6.0	
hahahaha	6.0	
dene	6.0	1.0
redactedQ6tokens33characters	6.0	
redactedQ4tokens17characters	6.0	
komisch	6.0	
worde	6.0	
gloub	5.0	
Aso	5.0	
redactedQ9tokens37characters	5.0	
nit	5.0	1.0
meine	5.0	
johr	5.0	
redactedQ1tokens8characters	5.0	
emojiQrelievedFace	5.0	
Mach	5.0	
uuf	5.0	
typ	5.0	
redactedQ5tokens21characters	5.0	
toll	5.0	
Eif	5.0	
anna	5.0	
schaffe	5.0	
has	5.0	
redactedQ7tokens38characters	5.0	
schatzeli	5.0	
redactedQ2tokens6characters	5.0	
dänn	5.0	
mis	5.0	1.0
hald	5.0	
werde	5.0	
emojiQfaceWithStuckOutTongueAndTightlyClosedEyes	5.0	1.0
weg	5.0	
ne	5.0	
redactedQ3tokens10characters	5.0	
redactedQ6tokens27characters	5.0	
redactedQ1tokens11characters	5.0	
Schön	5.0	
hat	5.0	
glaube	5.0	
redactedQ2tokens14characters	5.0	
stark	5.0	
stoht	5.0	
schon	5.0	
mann	5.0	
redactedQ3tokens19characters	5.0	
devo	5.0	
erwartet	5.0	
chum	5.0	
Danke	5.0	
ds	5.0	
dere	5.0	
beidi	5.0	1.0
redactedQ10tokens50characters	5.0	
redactedQ7tokens36characters	5.0	
Mier	5.0	
Si	5.0	
Nid	5.0	
emojiQokHandSign	5.0	
wend	5.0	
aifach	5.0	
doof	5.0	
nimm	5.0	
redactedQ7tokens29characters	5.0	
scheisse	5.0	
bish	5.0	
Isch	5.0	1.0
emojiQspeakNoEvilMonkey	5.0	
D	5.0	
redactedQ7tokens37characters	5.0	
redactedQ9tokens45characters	5.0	
ä	5.0	1.0
:*	5.0	
stund	5.0	
obe	5.0	
zeiche	5.0	
Nöd	5.0	
gell	5.0	
frau	5.0	
lauft	5.0	
merci	5.0	
nome	5.0	
glaubs	5.0	
redactedQ5tokens25characters	5.0	
hends	5.0	
din	5.0	
becho	5.0	
abig	5.0	
geil	5.0	
oh	5.0	
gueti	5.0	
kein	5.0	
chönnt	5.0	
stimmt	5.0	
demit	5.0	
susch	4.0	
ahnig	4.0	
Ussert	4.0	
Hahah	4.0	
NNN	4.0	
Sicher	4.0	
eu	4.0	
idee	4.0	
redactedQ9tokens49characters	4.0	
hey	4.0	
trotzdem	4.0	
Bisch	4.0	
redactedQ6tokens32characters	4.0	
selber	4.0	
emojiQsmilingFaceWithSunglasses	4.0	
gut	4.0	
gönd	4.0	
fr	4.0	
wörkli	4.0	
soo	4.0	
keis	4.0	
redactedQ3tokens11characters	4.0	
Jop	4.0	
ia	4.0	
emojiQoctopus	4.0	
passt	4.0	
ka	4.0	
wüssed	4.0	
Lueg	4.0	1.0
nacher	4.0	
glich	4.0	
zahle	4.0	1.0
redactedQ4tokens22characters	4.0	
her	4.0	
meitli	4.0	
ergebnis	4.0	
dine	4.0	
Hey	4.0	
zrugg	4.0	
Mhm	4.0	
redactedQ4tokens14characters	4.0	
freud	4.0	
defür	4.0	
6	4.0	
ane	4.0	
redactedQ6tokens28characters	4.0	
:0	4.0	
säg	4.0	1.0
:-D	4.0	
Bin	4.0	
wirst	4.0	
waish	4.0	
häsch	4.0	
schad	4.0	
churz	4.0	
hoffnig	4.0	
ufgfalle	4.0	
ab	4.0	
Hihi	4.0	
gärn	4.0	
Ne	4.0	
diar	4.0	
nüd	4.0	
NNNN	4.0	
hemmer	4.0	
weish	4.0	
när	4.0	
redactedQ6tokens26characters	4.0	
daran	4.0	
Hesch	4.0	
jede	4.0	1.0
nomol	4.0	
mau	4.0	1.0
weni	4.0	
krass	4.0	
Finds	4.0	
redactedQ9tokens38characters	4.0	
wür	4.0	
emojiQpartyPopper	4.0	
seich	4.0	
redactedQ8tokens42characters	4.0	
geh	4.0	
bemerkt	4.0	
meinsch	4.0	1.0
redactedQ4tokens15characters	4.0	
chef	4.0	
sig	4.0	
geld	4.0	
mitneh	4.0	
gshribe	4.0	
wat	4.0	
ni	4.0	6.0
agsproche	4.0	
dänke	4.0	
wott	4.0	
ihr	4.0	
knapp	4.0	
aus	4.0	
natel	4.0	2.0
hatte	4.0	
redactedQ6tokens23characters	4.0	
tuet	4.0	
simmer	4.0	1.0
läbe	4.0	
redactedQ8tokens37characters	4.0	
welli	4.0	
scheiss	4.0	
4	4.0	
Luegsch	4.0	
dervo	4.0	
;	4.0	
Der	4.0	
möglich	4.0	
demfall	4.0	
iez	4.0	
emojiQvictoryHand	4.0	
emojiQfaceWithColdSweat	4.0	
paar	4.0	
nacht	4.0	
dann	4.0	
emojiQsmilingFaceWithHorns	4.0	
rede	4.0	
emojiQgrowingHeart	4.0	
schrib	4.0	
blöd	4.0	
*	4.0	
fründ	4.0	
üs	4.0	
wirklich	4.0	
Mir	4.0	
tue	4.0	
Für	4.0	
über	4.0	1.0
recht	4.0	
fescht	4.0	
abgmacht	4.0	
redactedQ2tokens15characters	4.0	
omg	4.0	
man	4.0	
gemein	4.0	
okay	4.0	
ire	4.0	
rugge	4.0	
vode	4.0	
zwar	4.0	
kauft	4.0	
7	4.0	
söll	4.0	
müend	4.0	
samstig	4.0	
dis	4.0	
wäg	4.0	1.0
Gestank	3.0	
moment	3.0	
von	3.0	
sorge	3.0	
machsch	3.0	
you	3.0	
lange	3.0	
liebe	3.0	
bestialisch	3.0	
Etzt	3.0	
eppis	3.0	
übercho	3.0	
zug	3.0	1.0
A	3.0	
verdichtet	3.0	
Ya	3.0	
muus	3.0	
haut	3.0	
Kacke	3.0	
redactedQ5tokens27characters	3.0	
Wo	3.0	
gedauert	3.0	
wunder	3.0	
gewesen	3.0	
Ka	3.0	
verzehlt	3.0	
Verdauungsbombe	3.0	
Abseilen	3.0	
Oder	3.0	
ahh	3.0	
weniger	3.0	1.0
redactedQ8tokens40characters	3.0	
Hoi	3.0	
schuld	3.0	
Ach	3.0	
bevor	3.0	1.0
dänki	3.0	
30	3.0	
Häsch	3.0	
ersht	3.0	
verstoh	3.0	
noch	3.0	
ein	3.0	
:-P	3.0	
aha	3.0	
okey	3.0	
muss	3.0	
Oh	3.0	1.0
redactedQ6tokens29characters	3.0	
eus	3.0	
Shad	3.0	
usrichte	3.0	
auszuhalten	3.0	
wusste	3.0	
Anteilnahme	3.0	
Rührung	3.0	
gschribe	3.0	
sach	3.0	
machen	3.0	
mou	3.0	
eigentli	3.0	
redactedQ7tokens44characters	3.0	
schiss	3.0	
ischs	3.0	
Wieso	3.0	
chunt	3.0	1.0
redactedQ7tokens32characters	3.0	
redactedQ1tokens10characters	3.0	
bett	3.0	
Morge	3.0	
redactedQ2tokens12characters	3.0	
vou	3.0	
würkli	3.0	
hetti	3.0	
lebe	3.0	
Hesh	3.0	
redactedQ9tokens35characters	3.0	
Hani	3.0	
Na	3.0	
miteme	3.0	
dassi	3.0	
Sind	3.0	
ebba	3.0	
eim	3.0	
sy	3.0	
brucht	3.0	
kha	3.0	
fürs	3.0	
gerne	3.0	
heigsch	3.0	
schrieb	3.0	
Ds	3.0	
chance	3.0	
welt	3.0	
abo	3.0	
redactedQ8tokens38characters	3.0	
erfahre	3.0	
bro	3.0	
iwia	3.0	
treumt	3.0	
gross	3.0	
anderi	3.0	
u	3.0	2.0
nia	3.0	
ihri	3.0	1.0
wi	3.0	
grund	3.0	
redactedQ7tokens30characters	3.0	
chash	3.0	
wir	3.0	
checkt	3.0	
:-)	3.0	
klappt	3.0	
redactedQ12tokens65characters	3.0	
Di	3.0	
goh	3.0	
8	3.0	
nomal	3.0	
:))	3.0	
traum	3.0	
redactedQ10tokens54characters	3.0	
Argument	3.0	
schnöu	3.0	
obs	3.0	
wiä	3.0	
waiss	3.0	1.0
luegsch	3.0	
Bini	3.0	
redactedQ7tokens34characters	3.0	
emojiQgrimacingFace	3.0	
redactedQ17tokens83characters	3.0	
ahahaha	3.0	
schnell	3.0	
zit	3.0	
hoara	3.0	
biz	3.0	
Hahahaha	3.0	
wette	3.0	
redactedQ6tokens34characters	3.0	
eso	3.0	
darauf	3.0	
ganzi	3.0	
bild	3.0	
dumm	3.0	
dihei	3.0	
;*	3.0	
morgä	3.0	
programm	3.0	
Sry	3.0	
egal	3.0	
redactedQ8tokens44characters	3.0	
redactedQ8tokens33characters	3.0	
nimme	3.0	
glück	3.0	
jedes	3.0	
dusche	3.0	
Nur	3.0	
use	3.0	
redactedQ9tokens46characters	3.0	
pass	3.0	
sage	3.0	
nachher	3.0	
zimmer	3.0	
ine	3.0	
heissts	3.0	
hanni	3.0	1.0
9	3.0	
warst	3.0	
handy	3.0	
redactedQ6tokens38characters	3.0	
erinnere	3.0	
mech	3.0	
redactedQ8tokens39characters	3.0	
chansch	3.0	
gott	3.0	
wirds	3.0	
öb	3.0	
gä	3.0	
sin	3.0	
ihnen	3.0	
Warum	3.0	
einfach	3.0	
weekend	3.0	
redactedQ6tokens31characters	3.0	
heig	3.0	
Tag	3.0	
beschäftig	3.0	
lesen	3.0	
nor	3.0	
12i	3.0	
sagen	3.0	
sit	3.0	
emojiQcookie	3.0	
findsch	3.0	
jahr	3.0	
redactedQ3tokens9characters	3.0	
Schatz	3.0	
hessig	3.0	
redactedQ2tokens5characters	3.0	
söu	3.0	
direkt	3.0	
sött	3.0	
why	3.0	
emojiQsleepyFace	3.0	
mein	3.0	
wüsst	3.0	
haben	3.0	
Vllt	3.0	
emojiQdisappointedFace	3.0	
Appel	3.0	
gesucht	3.0	
emojiQfearfulFace	3.0	
gsehnd	3.0	
schatz	3.0	
redactedQ8tokens36characters	3.0	
redactedQ9tokens44characters	3.0	
ben	3.0	
naja	3.0	
vu	3.0	
well	3.0	
fast	3.0	
glaubi	3.0	
falls	3.0	
dezue	3.0	
goht	3.0	
seisch	3.0	
sein	3.0	
machi	3.0	
emojiQdisappointedButRelievedFace	3.0	
Wege	3.0	
emojiQfaceWithOpenMouthAndColdSweat	3.0	
Etz	3.0	
gnueg	3.0	
verletzt	3.0	
aluege	3.0	
betrieb	3.0	
eigentlech	3.0	
mengisch	3.0	1.0
lieb	3.0	
kollege	3.0	1.0
ma	3.0	
chas	3.0	
schlecht	3.0	
vorteil	3.0	
drin	3.0	
sini	3.0	
Usser	3.0	
redactedQ5tokens17characters	3.0	
schlofä	3.0	
redactedQ8tokens34characters	3.0	
na	3.0	
buech	3.0	
erwarte	3.0	
dur	3.0	
obwohl	3.0	1.0
aso	3.0	
ghört	3.0	
luegsh	3.0	
kolleg	3.0	
it	3.0	
emojiQbrokenHeart	3.0	
bei	3.0	
meinig	3.0	
Cha	3.0	
eini	3.0	1.0
's	3.0	
tatsach	3.0	
merke	3.0	
vorstelle	3.0	
meega	3.0	
choche	3.0	
magsch	3.0	
verzelle	3.0	
tru	3.0	
sech	3.0	
blibe	3.0	
gsehsch	3.0	
för	3.0	
vllt	3.0	
geit	3.0	
redactedQ5tokens30characters	3.0	
lueged	3.0	
schnorre	3.0	
:')	3.0	
zue	3.0	
Scherz	2.0	
Pff	2.0	
emojiQpandaFace	2.0	
met	2.0	
ändere	2.0	
parat	2.0	
irchel	2.0	
usa	2.0	
etwa	2.0	
Mi	2.0	
mitbringe	2.0	
allne	2.0	
Ond	2.0	
redactedQ12tokens59characters	2.0	
mers	2.0	
Engel	2.0	
choufe	2.0	1.0
mensch	2.0	
Shnukki	2.0	
artikel	2.0	
agluegt	2.0	
<	2.0	
hert	2.0	
Voll	2.0	
emojiQsparkles	2.0	
derfür	2.0	1.0
Gesundheit	2.0	
emojiQfourLeafClover	2.0	
aller	2.0	
offe	2.0	
Gfüeuh	2.0	
drauf	2.0	
redactedQ4tokens26characters	2.0	
imfau	2.0	
Lis	2.0	
.....	2.0	
musst	2.0	
emojiQrunner	2.0	
emojiQbriefcase	2.0	
Chef	2.0	
Statistik	2.0	
niemer	2.0	
natürlech	2.0	
emojiQenvelopeWithDownwardsArrowAbove	2.0	
Guet	2.0	
eher	2.0	
redactedQ7tokens27characters	2.0	
ALLES	2.0	
emojiQwearyFace	2.0	
oke	2.0	
as	2.0	
denen	2.0	
nömm	2.0	
weh	2.0	
verlange	2.0	
redactedQ10tokens53characters	2.0	
mues	2.0	
kämpfst	2.0	
sinn	2.0	
können	2.0	
etwas	2.0	
befördert	2.0	
nehme	2.0	
zurückbekomme	2.0	
Doktore	2.0	
worufem	2.0	
Spital	2.0	
Vélo	2.0	
frechheit	2.0	
achte	2.0	
gfonde	2.0	
dünkts	2.0	
gnau	2.0	1.0
papi	2.0	
Ola	2.0	
Am	2.0	
erkäred	2.0	
chönntisch	2.0	
redactedQ5tokens19characters	2.0	
ligt	2.0	
shnell	2.0	
überzügt	2.0	
düme	2.0	
heißt	2.0	
schickst	2.0	
niemandem	2.0	
redactedQ12tokens61characters	2.0	
redactedQ10tokens46characters	2.0	
Verzell	2.0	
Woher	2.0	
wia	2.0	
spöter	2.0	
verstehe	2.0	
dinere	2.0	
ender	2.0	
ehr	2.0	
dia	2.0	
ehn	2.0	
bist	2.0	
probiere	2.0	
demet	2.0	
abmache	2.0	
ehrlich	2.0	
überhaupt	2.0	
kash	2.0	
liit	2.0	
kunnt	2.0	
gash	2.0	
selli	2.0	
irgendwenn	2.0	
20	2.0	
oi	2.0	
philip	2.0	
konzert	2.0	
nix	2.0	
mueter	2.0	
mentig	2.0	
liebi	2.0	
usgange	2.0	
nonid	2.0	1.0
obere	2.0	
gleit	2.0	
redactedQ7tokens33characters	2.0	
extra	2.0	
mitem	2.0	
donnstig	2.0	
time	2.0	
morgen	2.0	
schaiSse	2.0	
redactedQ7tokens35characters	2.0	
frage	2.0	1.0
logish	2.0	
miar	2.0	
sache	2.0	
öpis	2.0	
sofern	2.0	
sägga	2.0	
Odr	2.0	
redactedQ1tokens18characters	2.0	
nümm	2.0	
ässe	2.0	
immerno	2.0	
froit	2.0	
Chönntsch	2.0	
wella	2.0	
bewundere	2.0	
Viel	2.0	
haisst	2.0	
willi	2.0	
redactedQ15tokens68characters	2.0	
sälber	2.0	
;))	2.0	
redactedQ8tokens46characters	2.0	
Log	2.0	
dasses	2.0	
fall	2.0	1.0
schu	2.0	
klaari	2.0	
kli	2.0	
redactedQ14tokens68characters	2.0	
komish	2.0	
habe	2.0	
loh	2.0	
Gäll	2.0	
Naii	2.0	
macha	2.0	
tuni	2.0	
sms	2.0	
Bis	2.0	
redactedQ11tokens57characters	2.0	
Joo	2.0	
wissen	2.0	
zruggfroga	2.0	
redactedQ9tokens39characters	2.0	
about	2.0	
vorschlah	2.0	
bliibt	2.0	
emojiQsmilingFaceWithOpenMouthAndColdSweat	2.0	
redactedQ5tokens36characters	2.0	
znacht	2.0	
Variante	2.0	
fo	2.0	
nachdem	2.0	
Zu	2.0	
Hoii	2.0	
debi	2.0	
öberhaupt	2.0	
bestimmst	2.0	
redactedQ10tokens45characters	2.0	
gwunderet	2.0	
Ehm	2.0	
allei	2.0	
kumma	2.0	
Ish	2.0	
xeh	2.0	
Naja	2.0	
mush	2.0	
beste	2.0	
darum	2.0	
müeh	2.0	
verpasse	2.0	
site	2.0	
Alles	2.0	
teil	2.0	
ide	2.0	
emojiQclinkingBeerMugs	2.0	
I'm	2.0	
understand	2.0	
zur	2.0	
Scho	2.0	
besch	2.0	
wechtig	2.0	
här	2.0	
inere	2.0	
Mis	2.0	
Aha	2.0	
laptop	2.0	
dänk	2.0	
verhängt	2.0	
höt	2.0	
metteilt	2.0	
leider	2.0	
niveau	2.0	
tja	2.0	
fuck	2.0	
afang	2.0	
Irgend	2.0	
uns	2.0	
geburtstag	2.0	
to	2.0	
gat	2.0	
deff	2.0	
unterhalte	2.0	
redactedQ11tokens56characters	2.0	
easy	2.0	
redactedQ8tokens53characters	2.0	
2.	2.0	
emojiQfaceSavouringDeliciousFood	2.0	
gschrebe	2.0	
glöck	2.0	
12	2.0	
vöu	2.0	
bzw	2.0	
erklärt	2.0	
Wennt	2.0	
ke	2.0	
bruchsh	2.0	
fühlt	2.0	
redactedQ6tokens35characters	2.0	
Chashem	2.0	
Cool	2.0	
jetz	2.0	
emojiQglowingStar	2.0	
Z	2.0	
emojiQregionalIndicatorSymbolLettersIt	2.0	
zuegä	2.0	
Wussten	2.0	
redactedQ11tokens60characters	2.0	
dankbar	2.0	
kennt	2.0	
hütt	2.0	
muskelkater	2.0	
glücklich	2.0	
redactedQ11tokens53characters	2.0	
lüt	2.0	
ir	2.0	1.0
redactedQ5tokens34characters	2.0	
jep	2.0	
schikar	2.0	
Gell	2.0	
mail	2.0	
Fänschter	2.0	
hetsch	2.0	
emojiQumbrellaWithRainDrops	2.0	
wött	2.0	
H	2.0	
shiSst	2.0	
zämma	2.0	
gredet	2.0	
allefalls	2.0	
redactedQ4tokens23characters	2.0	
wenig	2.0	
sport	2.0	
gmeind	2.0	
mine	2.0	
ch	2.0	
gstande	2.0	
sunne	2.0	
Schad	2.0	
Hä	2.0	
mittag	2.0	
prüefig	2.0	
id	2.0	
hoffsch	2.0	
viewing	2.0	
gits	2.0	
schaut	2.0	
runter	2.0	
Zeit	2.0	
statt	2.0	
zeigt	2.0	1.0
Lg	2.0	
merk	2.0	
beides	2.0	
immerhin	2.0	
don	2.0	
juergen	2.0	
redactedQ7tokens46characters	2.0	
ume	2.0	
sust	2.0	
Meinsch	2.0	
wenni	2.0	
gschrie	2.0	
schauen	2.0	
druff	2.0	
Dann	2.0	
beschte	2.0	
Uii	2.0	
app	2.0	
nervt	2.0	
gwüsse	2.0	
redactedQ5tokens28characters	2.0	
müed	2.0	
woo	2.0	
Jiaa	2.0	
plant	2.0	
hehehe	2.0	
on	2.0	
dörfe	2.0	
redactedQ9tokens43characters	2.0	
weiß	2.0	
neh	2.0	
passiert	2.0	
status	2.0	
stah	2.0	
garte	2.0	
#	2.0	
Wiso	2.0	
fürd	2.0	
;D	2.0	
verbii	2.0	
liebsch	2.0	
besserig	2.0	
oui	2.0	
zwüsche	2.0	
taken	2.0	
happily	2.0	
pic	2.0	
(:	2.0	
bechunt	2.0	
drus	2.0	
anderne	2.0	
ebä	2.0	1.0
rueh	2.0	
Okk	2.0	
mached	2.0	
he	2.0	
geell	2.0	
ohh	2.0	
usser	2.0	
fragsch	2.0	
welles	2.0	
nanig	2.0	
huerre	2.0	
anders	2.0	
Muess	2.0	
isches	2.0	
gid	2.0	
vorem	2.0	
komisches	2.0	
emojiQgrinningFace	2.0	
böhi	2.0	
sonen	2.0	
bedütet	2.0	
emojiQgreenHeart	2.0	
funktioniert	2.0	
frögt	2.0	
wetsh	2.0	
iiversüchtig	2.0	
werded	2.0	
fraue	2.0	1.0
wenigen	2.0	
amigs	2.0	2.0
heiweg	2.0	
we	2.0	
mathe	2.0	
sooo	2.0	
beim	2.0	
bisschen	2.0	
Hahahah	2.0	
zügle	2.0	
redactedQ4tokens30characters	2.0	
halle	2.0	
Chrisle	2.0	
müesse	2.0	2.0
U.a.	2.0	
pünkt	2.0	
chömmer	2.0	
gsehn	2.0	
frege	2.0	
gfahr	2.0	
momentan	2.0	
Wenigstens	2.0	
redactedQ10tokens55characters	2.0	
merksch	2.0	
zäme	2.0	
beleg	2.0	
zersh	2.0	
zmittag	2.0	
pics	2.0	
redactedQ3tokens20characters	2.0	
ohne	2.0	
redactedQ3tokens25characters	2.0	
wodd	2.0	
redactedQ15tokens77characters	2.0	
abgeh	2.0	
verbliebe	2.0	
ganze	2.0	
numme	2.0	
Jio	2.0	
sex	2.0	
nonig	2.0	1.0
ih	2.0	
ufem	2.0	
winkel	2.0	
ishes	2.0	
redactedQ3tokens22characters	2.0	
leiter	2.0	
yvon	2.0	
tued	2.0	
Unterschrift	2.0	
redactedQ3tokens21characters	2.0	
Aah	2.0	
Gelll	2.0	
zakia	2.0	
gstresst	2.0	
fur	2.0	
usefinde	2.0	1.0
chani	2.0	2.0
lüüt	2.0	
emojiQtiredFace	2.0	
gse	2.0	
kann	2.0	
Het	2.0	
meistens	2.0	2.0
lah	2.0	
iöö	2.0	
endlich	2.0	
Hoffe	2.0	
kaputt	2.0	
redactedQ10tokens49characters	2.0	
schiissts	2.0	
Doch	2.0	
ghofft	2.0	
versucht	2.0	
NID	2.0	
abecho	2.0	
weder	2.0	
üsi	2.0	1.0
erzehlt	2.0	
wem	2.0	
beziehig	2.0	
hättisch	2.0	
hahah	2.0	
ding	2.0	
orakel	2.0	
ghöre	2.0	
vorus	2.0	
dein	2.0	
hälfe	2.0	
:O	2.0	
sägä	2.0	
redactedQ9tokens51characters	2.0	
heiss	2.0	
schribed	2.0	
redactedQ12tokens70characters	2.0	
fründin	2.0	
gfahre	2.0	
okii	2.0	
diheimä	2.0	
meiste	2.0	
wenigstens	2.0	
weich	2.0	
Eifach	2.0	
hätt	2.0	
bruuche	2.0	
nime	2.0	
vorhär	2.0	
sylvestre	2.0	
name	2.0	
sry	2.0	
schlau	2.0	
wegem	2.0	
helvetia	2.0	
zemegschisse	2.0	
inne	2.0	
uus	2.0	
wiedermal	2.0	
ihres	2.0	
eppert	2.0	
stell	2.0	
ehmm	2.0	
mängisch	2.0	
einzig	2.0	
bringsches	2.0	
aah	2.0	
vooll	2.0	
agfange	2.0	
gsund	2.0	
sis	2.0	
spiel	2.0	
letscht	2.0	
:p	2.0	
sowieso	2.0	
denkey	2.0	
redactedQ12tokens60characters	2.0	
enttüscht	2.0	
emol	2.0	
ame	2.0	
sinere	2.0	
gangä	2.0	
saisch	2.0	
bisi	2.0	
wyona	2.0	
verarsche	2.0	
aze	2.0	
glueget	2.0	
tumblr	2.0	
He	2.0	
post	2.0	
Super	2.0	
verstande	2.0	1.0
shad	2.0	
jooo	2.0	
antwort	2.0	
luna	2.0	
hihi	2.0	
luegä	2.0	1.0
Love	2.0	
honey	2.0	
Selber	2.0	
Mal	2.0	
ann-sofie	2.0	
Hüt	2.0	
pff	2.0	
entschuldige	2.0	
iwie	2.0	
redactedQ23tokens122characters	2.0	
chunnt	2.0	
klass	2.0	
ahahah	2.0	
bilder	2.0	
fick	2.0	
gahd	2.0	
denksch	2.0	
dänksch	2.0	
pennt	2.0	
11	2.0	
liegt	2.0	
chönd	2.0	
emojiQpurpleHeart	2.0	
nimms	2.0	
innä	2.0	
redactedQ9tokens47characters	2.0	
entschuldigt	2.0	
Weisch	2.0	1.0
Schöne	2.0	
heeii	2.0	
ichs	2.0	
hetter	2.0	
wers	2.0	
hoffä	2.0	
lerne	2.0	
chrisle	2.0	
würdi	2.0	
Okii	2.0	
Sinn	2.0	
shlimm	2.0	
redactedQ9tokens41characters	2.0	
do	2.0	
gang	2.0	
redactedQ5tokens32characters	2.0	
dokument	2.0	
redactedQ1tokens9characters	2.0	
Luegsh	2.0	
chöne	2.0	
moustache	2.0	
vermuete	2.0	
shribe	2.0	
würde	2.0	
Nö	2.0	
vertrauen	2.0	
Mögest	2.0	
Inneren	2.0	
deinem	2.0	
same	2.0	
aneschriebe	2.0	
übrigens	2.0	
ende	2.0	
usgang	2.0	1.0
versproche	2.0	
s'	2.0	
shuel	2.0	1.0
g	2.0	
helfti	2.0	
wünschi	2.0	
fühl	2.0	
öpper	2.0	
all	2.0	
Chind	2.0	
:((	2.0	
epis	2.0	
tshirt	2.0	
schriebe	2.0	
redactedQ1tokens15characters	2.0	
meischtens	2.0	
amel	2.0	
parentes	2.0	
sicherstelle	2.0	
erinnerig	2.0	
:S	2.0	
grosse	2.0	
Macht	2.0	
Katja	2.0	
gloube	2.0	
emojiQcocktailGlass	2.0	
würklech	2.0	
freue	2.0	
shön	2.0	
spannend	2.0	
Bish	2.0	
redactedQ8tokens59characters	2.0	
tine	2.0	
redactedQ4tokens28characters	2.0	
redactedQ17tokens96characters	2.0	
oki	2.0	
zuegeh	2.0	
Musch	2.0	
vermisse	2.0	
wödsch	2.0	
sones	2.0	1.0
diese	2.0	
hole	2.0	1.0
redactedQ12tokens54characters	2.0	
oma	2.0	
redactedQ6tokens25characters	2.0	
Egal	2.0	
Tru	2.0	
wa	2.0	
warte	2.0	1.0
redactedQ11tokens49characters	2.0	
ferie	2.0	
herze	2.0	
neue	2.0	
obig	2.0	
rude	2.0	
sowas	2.0	
afange	2.0	
redactedQ13tokens59characters	2.0	
beidne	2.0	
Tönt	2.0	
buebe	2.0	
Vo	2.0	
Chash	2.0	
Angscht	2.0	
grossliinwand	1.0	
kenn	1.0	
emojiQfullMoonWithFace	1.0	
moony	1.0	
27	1.0	
Seisch	1.0	
anstrengend	1.0	
schwiz	1.0	
marvins	1.0	
amne	1.0	
Lupus	1.0	
Mein	1.0	
Option	1.0	
leer	1.0	
tagen	1.0	
hammer	1.0	
mönet	1.0	
emojiQnewMoonWithFace	1.0	
redactedQ13tokens66characters	1.0	
Dafuq	1.0	
joeana	1.0	
maschine	1.0	
warteder	1.0	
Diagnose	1.0	
hoffed	1.0	
neui	1.0	
meeeeeega	1.0	
jezz	1.0	
verleid	1.0	
chönnd	1.0	
dünni	1.0	
exit	1.0	
frei	1.0	
stärbe	1.0	
geschäft	1.0	
ersticke	1.0	
wahnsinnig	1.0	
jacke	1.0	
sagst	1.0	
logisch	1.0	
müehsam	1.0	
ers	1.0	
weissi	1.0	
hi	1.0	
Endlich	1.0	
chönnted	1.0	
ooooh	1.0	
schlafen	1.0	
redactedQ17tokens87characters	1.0	
Stoht	1.0	
letschmal	1.0	
gschaft	1.0	
Aktion	1.0	
hanis	1.0	
fit	1.0	
rudys	1.0	
totsch	1.0	
Girl	1.0	
stellst	1.0	
bitz	1.0	
schutz	1.0	
soll	1.0	
Hunden	1.0	
brunnenweg	1.0	
nando	1.0	
gno	1.0	
würsh	1.0	
Wahrscheinlich	1.0	
wirtshaft	1.0	
meinsh	1.0	
ankommen	1.0	
flugi	1.0	
blick	1.0	
programiert	1.0	
poste	1.0	
Schisst	1.0	
büecher	1.0	
seid	1.0	
Bitte	1.0	
Wunsch	1.0	
Wer	1.0	
emojiQsmilingFaceWithHalo	1.0	
alte	1.0	
erlaubed	1.0	
guerilla	1.0	
fäscht	1.0	
shrib	1.0	
Oooooh	1.0	
teletubby	1.0	
gsesh	1.0	
phauptet	1.0	
einigermasse	1.0	
demente	1.0	
schlaafsch	1.0	
Start	1.0	
Person	1.0	
gardene	1.0	
riese	1.0	
Weckst	1.0	
Passish	1.0	
Ohoh	1.0	
Blöd	1.0	
kali	1.0	
jedi	1.0	
erwartige	1.0	
understützig	1.0	
eig	1.0	
möchte	1.0	
swaggy	1.0	
drücke	1.0	
zumtung	1.0	
spinnsch	1.0	
teppich	1.0	
TOTAL	1.0	
drehe	1.0	
Mamikuss	1.0	
reserve	1.0	
einem	1.0	
erinner	1.0	
schuelzüg	1.0	
sehen	1.0	
Weise	1.0	
anderen	1.0	
http://www.20min.ch/digital/dossier/clips/story/NNNNNNNN	1.0	
Beinen	1.0	
zwei	1.0	
Speedhund	1.0	
Auf	1.0	
Ein	1.0	
umgestellt	1.0	
morgens	1.0	
aufstehen	1.0	
Säg	1.0	1.0
aufgefallen	1.0	
grade	1.0	
früehner	1.0	
shlaf	1.0	
Herzen	1.0	
Foto	1.0	
rotte	1.0	
Aw	1.0	
fangt	1.0	
machst	1.0	
emojiQprincess	1.0	
garned	1.0	
redactedQ13tokens74characters	1.0	
Weles	1.0	
vordem	1.0	
stunde	1.0	
twin	1.0	
Nachdem	1.0	
bushaltestell	1.0	
ghalte	1.0	
binere	1.0	
Feigling	1.0	
Tschuldigung	1.0	
losisch	1.0	
Wat	1.0	
Okay	1.0	
emojiQhouseBuilding	1.0	
redactedQ7tokens31characters	1.0	
izzie	1.0	
mitte	1.0	
füre	1.0	
betrüge	1.0	
flaggene	1.0	
ahluege	1.0	
redactedQ13tokens53characters	1.0	
schribsch	1.0	
gruppechat	1.0	
schätzes	1.0	
Angst	1.0	
keine	1.0	
fraget	1.0	
sorgen	1.0	
Right	1.0	
redactedQ9tokens42characters	1.0	
sonthaya	1.0	
Zuerst	1.0	
einmal	1.0	
involviert	1.0	
internet	1.0	
gschwüschterti	1.0	
wuchenend	1.0	
game	1.0	
gesperrt	1.0	
wiso	1.0	
beachtig	1.0	
konnte	1.0	
Transparent	1.0	
einen	1.0	
redactedQ7tokens24characters	1.0	
button	1.0	
sowiet	1.0	
ones	1.0	
klicken	1.0	
söttish	1.0	
brutal	1.0	
ufezieh	1.0	
duume	1.0	
Praxis	1.0	
Wixxer	1.0	
versteckt	1.0	
Chönntisch	1.0	
gsehds	1.0	
gänderet	1.0	
negativen	1.0	
here	1.0	
Gefühlen	1.0	
uftrag	1.0	
schulde	1.0	
adios	1.0	
Note	1.0	
emojiQpigFace	1.0	
emojiQpigNose	1.0	
werend	1.0	
shlafe	1.0	
beginne	1.0	
19.30	1.0	
bros	1.0	
mitteile	1.0	
Muus	1.0	
ii	1.0	
Guten	1.0	
14.00	1.0	
rückeds	1.0	
Schaust	1.0	
Zivilisation	1.0	
sooooo	1.0	
Versuche	1.0	
geburi	1.0	
schafst	1.0	
doki	1.0	
Nachricht	1.0	
gschneit	1.0	
umgahsch	1.0	
Gaeht	1.0	
gläse	1.0	
legendäre	1.0	
gsuech	1.0	
uffahrtslauf	1.0	
schrie	1.0	
mitmache	1.0	
biere	1.0	
guantanamo	1.0	
grenos	1.0	
septämber	1.0	
fail	1.0	
inf	1.0	
émili	1.0	
TAKE	1.0	
émile	1.0	
Nr	1.0	
UO	1.0	
Überle	1.0	
Gratuliere	1.0	
1.	1.0	
Damit	1.0	
chnü	1.0	
IS	1.0	
Müesse	1.0	
füür	1.0	
august	1.0	
klassiker	1.0	
online	1.0	
europapark	1.0	
emojiQexpressionlessFace	1.0	
Froschperspektive	1.0	
zyt	1.0	
lehrerzimmer	1.0	
understütze	1.0	
Dr	1.0	
zeme	1.0	
gmäldet	1.0	
kadi	1.0	
Richte	1.0	
rot	1.0	
auch	1.0	
homosexuell	1.0	
ähnlich	1.0	
beahtreit	1.0	
mädchen	1.0	
schnee	1.0	
gahnt	1.0	
uflösig	1.0	
flappy	1.0	
mag	1.0	
ahgschisse	1.0	
Biere-style	1.0	
red	1.0	
vornimmsch	1.0	
party	1.0	
hard	1.0	
emojiQbeerMug	1.0	
drufhockt	1.0	
emojiQconfettiBall	1.0	
rucke	1.0	
schadet	1.0	
Fipsi	1.0	
befor	1.0	
üebt	1.0	
nenet	1.0	
molly	1.0	
sötts	1.0	
HINT	1.0	
tut	1.0	
eusere	1.0	
legs	1.0	
kompanie	1.0	
johreshoroskop	1.0	
neutral	1.0	
österriechische	1.0	
emne	1.0	
underste	1.0	
jkk	1.0	
risig	1.0	
gugge	1.0	
qualität	1.0	
selfie	1.0	
major	1.0	
face	1.0	
mitenand	1.0	
betonig	1.0	
neu	1.0	
shik	1.0	
neutrali	1.0	
chäller	1.0	
gwüdst	1.0	
gnoh	1.0	
Juststalkerthings	1.0	
ufs	1.0	
gish	1.0	
zueh	1.0	
verzweiflet	1.0	
geschwafel	1.0	
Letshmal	1.0	
himym	1.0	
ahja	1.0	
hinder	1.0	
eigach	1.0	
m	1.0	
wiehnacht	1.0	
erhöht	1.0	
däm	1.0	
ageh	1.0	2.0
pardey	1.0	
schätzeli	1.0	
emojiQkissingFaceWithClosedEyes	1.0	
Unvergesslichi	1.0	
bueb	1.0	
yasmin	1.0	
seget	1.0	
Zwüsche	1.0	
gavalda	1.0	
erguss	1.0	
wegbringe	1.0	
Lmao	1.0	
Muskelufbau	1.0	
seish	1.0	
taggs	1.0	
Desgosteng	1.0	
Findsch	1.0	
richtwert	1.0	2.0
übernoh	1.0	
Hend	1.0	2.0
öppus	1.0	
gemeinshaft	1.0	
Truuuu	1.0	
mfk	1.0	
brief	1.0	
Jooo	1.0	
stop	1.0	
gone	1.0	
tri	1.0	
dadurch	1.0	
keini	1.0	
dogge	1.0	
Find	1.0	
Miete	1.0	
träffeder	1.0	
Glaub	1.0	
love	1.0	
kk	1.0	
chleider	1.0	
biispiil	1.0	
Cuul	1.0	
holls	1.0	
loreal	1.0	
inen	1.0	
Lachen	1.0	
noiz	1.0	
gülsha	1.0	
plastick	1.0	
drufstaj	1.0	
with	1.0	
dexkt	1.0	
gspilt	1.0	
Kei	1.0	
Hehe	1.0	
Neii	1.0	
ticketkontrolle	1.0	
xeene	1.0	
Rude	1.0	
jemols	1.0	
chrieg	1.0	
szene	1.0	
Denkes	1.0	
gfrögt	1.0	
frögsh	1.0	
the	1.0	
patrizia	1.0	
Tus	1.0	
sack	1.0	
tueh	1.0	
helfe	1.0	
Wär	1.0	
emojiQfaceWithMedicalMask	1.0	
doofchopf	1.0	
zwölfi	1.0	
pünktlich	1.0	
schlussendli	1.0	
macheder	1.0	
shribemer	1.0	
chicle	1.0	
weak	1.0	
16:40	1.0	
staaht	1.0	
tür	1.0	
xee	1.0	
too	1.0	
usbroche	1.0	
politiker	1.0	
grippe	1.0	
vip-bereich	1.0	
zakkkkiaaa	1.0	
Deswegen	1.0	
gfroit	1.0	
spass	1.0	
ach	1.0	
brachte	1.0	
pot	1.0	
jez	1.0	
taggt	1.0	
references	1.0	
fragezeiche	1.0	
bisi-wätter	1.0	
reaktion	1.0	
costa	1.0	
rooster	1.0	
luegemers	1.0	
wetter	1.0	
niemert	1.0	
eleanor	1.0	
Ahja	1.0	
tabloid	1.0	
Wart	1.0	
Jean-pierre	1.0	
kannst	1.0	
langi	1.0	
vol	1.0	
input	1.0	
bewegen	1.0	
dazu	1.0	
jean-pierre	1.0	
shaff	1.0	
findets	1.0	
shatz	1.0	
Anschinend	1.0	
berndi	1.0	
under	1.0	
test	1.0	
Oui	1.0	
igfalle	1.0	
endi	1.0	
horrorfilms	1.0	
emojiQsleepingFace	1.0	
Tinetta	1.0	
Schreib	1.0	
badge	1.0	
abdullah	1.0	
reihefolg	1.0	
Omg	1.0	
charte	1.0	
schawi	1.0	
cuul	1.0	
Same	1.0	
unblockt	1.0	
regnets	1.0	
ehrlichxeit	1.0	
drah	1.0	
Nahh	1.0	
schuel	1.0	
throughpencil	1.0	
verletze	1.0	
vodka	1.0	
Rothaarig	1.0	
hoffnungslosgescheiterT	1.0	
negro	1.0	
miich	1.0	
Erinner	1.0	
Chas	1.0	
Würschmer	1.0	
usrite	1.0	
verstahn	1.0	
täg	1.0	
mitere	1.0	
schreiben	1.0	
anzlüte	1.0	
grossmuetter	1.0	
trurig	1.0	
mengsmal	1.0	
evtl.	1.0	
euses	1.0	
damit	1.0	
Sara	1.0	
chrafttraining	1.0	
märk	1.0	
merksh	1.0	
vorsteue	1.0	
debii	1.0	
Kopien	1.0	
För	1.0	
12.50	1.0	
zahlsh	1.0	
ond	1.0	
einish	1.0	
Chegget	1.0	
send	1.0	
Jaahhah	1.0	
vieregg	1.0	
Shipi	1.0	
meinst	1.0	
Menschen	1.0	
Sende	1.0	
pudeli	1.0	
widerfahren	1.0	
soviel	1.0	
Dir	1.0	
Sollte	1.0	
GLÜCK	1.0	
VIEL	1.0	
gfreut	1.0	
Iz	1.0	
schreck	1.0	
voller	1.0	
vori	1.0	
Stimmt	1.0	
MINUTE	1.0	
UPDATE	1.0	
CHÖNNT	1.0	
USRASCHTE	1.0	
einiges	1.0	
Ihr	1.0	
Chunnt	1.0	
dani	1.0	
stevi	1.0	
obet	1.0	
redactedQ12tokens50characters	1.0	
plan	1.0	
meinet	1.0	
sterne	1.0	
adchluss	1.0	
historischi	1.0	
entwarnig	1.0	
Chlini	1.0	
Yep	1.0	
Ojeee	1.0	
CHAN	1.0	
bern	1.0	
Krass	1.0	
hb	1.0	
esh	1.0	
familie	1.0	
SPANIE	1.0	
Pc	1.0	
hahahahahhahahah	1.0	
Guete	1.0	
bestätigen	1.0	
äue	1.0	2.0
Paradies	1.0	
freunde	1.0	
15	1.0	
mônet	1.0	
verdammte	1.0	
sag	1.0	
vermiss	1.0	
sichrt	1.0	
schaffst	1.0	
..........	1.0	
bedeute	1.0	
einzigartig	1.0	
Beste	1.0	
brauchen	1.0	
starten	1.0	
Minuten	1.0	
redactedQ7tokens39characters	1.0	
Trzdem	1.0	
Klass	1.0	
lönd	1.0	
höre	1.0	
sunscht	1.0	
melde	1.0	
Shienz	1.0	
redactedQ11tokens59characters	1.0	
icj	1.0	
drûber	1.0	
anrufen	1.0	
stresse	1.0	
Gott	1.0	
Supi	1.0	
klärchen	1.0	
thalassämie	1.0	
padi	1.0	
trägerin	1.0	
schü	1.0	
güte	1.0	
ruckeusschnit	1.0	
meeega	1.0	
waruna	1.0	
rolle	1.0	
zunge	1.0	
No	1.0	
chu	1.0	
hochset	1.0	
ads	1.0	
Lernööö	1.0	
neva	1.0	
Ubedingt	1.0	
Sonä	1.0	
spührd	1.0	
stört	1.0	
Prinzipiell	1.0	
uh	1.0	
danken	1.0	
veränderet	1.0	
achti	1.0	
sibni	1.0	
redt	1.0	
Bad	1.0	
ids	1.0	
chly	1.0	
Theme	1.0	
gsy	1.0	
geschter	1.0	
Lüt	1.0	
gedicht	1.0	
geschenke	1.0	
deine	1.0	
entschide	1.0	
Novämber	1.0	
Im	1.0	
fötele	1.0	
Eltere	1.0	
Weli	1.0	
steit	1.0	
Awalt	1.0	
gröschte	1.0	
fahre	1.0	
Outo	1.0	
G	1.0	
des	1.0	
hob	1.0	
vergwüssere	1.0	
TV	1.0	
gäg	1.0	
Lüftig	1.0	
aube	1.0	
bewusst	1.0	
desto	1.0	
umechätsche	1.0	
drann	1.0	
D'	1.0	
Ehrewort	1.0	
Grosses	1.0	
zuelahsch	1.0	
verändere	1.0	
Realität	1.0	
schöne	1.0	
Häb	1.0	
rar	1.0	
syge	1.0	
Edelsteine	1.0	
Situation	1.0	
mire	1.0	
bezüglich	1.0	
issi	1.0	
Zersch	1.0	
redactedQ26tokens119characters	1.0	
ise	1.0	
Vertroue	1.0	
nachetänkt	1.0	
Facebook-Account	1.0	
ufgä	1.0	
vilne	1.0	
redactedQ16tokens67characters	1.0	
ansage	1.0	
nimi	1.0	
ergänzt	1.0	
zelt	1.0	
mitemne	1.0	
7.	1.0	
abem	1.0	
hexagon	1.0	
anehenke	1.0	
zeddel	1.0	
usse	1.0	
redactedQ2tokens21characters	1.0	
emojiQsquaredOk	1.0	
li	1.0	
emojiQflexedBiceps	1.0	
Neeeeeeeeeeeeeeeeeeeeeeeeeeeeeeein	1.0	
Toll	1.0	
keeesed	1.0	
»	1.0	
Absturz	1.0	
«	1.0	
Arzt	1.0	
Izzy	1.0	
Strange	1.0	
redactedQ14tokens62characters	1.0	
denkes	1.0	
20.15	1.0	
maybe	1.0	
klagt	1.0	
Hahahha	1.0	
Umschtänd	1.0	
singt	1.0	
yschtelle	1.0	
WLAN	1.0	
Me	1.0	
Anna	1.0	
vorgschlage	1.0	
fyre	1.0	
Italiäner	1.0	
verhengt	1.0	
sduet	1.0	
Arbeiten	1.0	
emojiQcoupleWithHeart	1.0	
emojiQmanAndWomanHoldingHands	1.0	
triffst	1.0	
Leute	1.0	
coolsten	1.0	
zeiten	1.0	
emojiQcancer	1.0	
noni	1.0	
emojiQangryFace	1.0	
franz	1.0	
hasse	1.0	
emojiQconfusedFace	1.0	
durenand	1.0	
Jia	1.0	
sterbe	1.0	
züg	1.0	
müesst	1.0	
lecker	1.0	
alütä	1.0	
evtl	1.0	
ouh	1.0	
häää	1.0	
bibis	1.0	
+	1.0	
wieli	1.0	
äs	1.0	
verdammt	1.0	
reis	1.0	
alk	1.0	
knallt	1.0	
tanzed	1.0	
säb	1.0	
nohrennä	1.0	
hihii	1.0	
klönet	1.0	
hihihi	1.0	
emojiQfaceWithLookOfTriumph	1.0	
kum	1.0	
zuegnoh	1.0	
stressä	1.0	
37er	1.0	
verein	1.0	
fehler	1.0	
öppä	1.0	
ufruef	1.0	
wüssä	1.0	
gscheh	1.0	
versifft	1.0	
neeee	1.0	
verzellä	1.0	
schaffä	1.0	
dömä	1.0	
kino	1.0	
setzä	1.0	
ufä	1.0	
adrenalinspiegel	1.0	
abkläre	1.0	
wuchä	1.0	
schlo	1.0	
funktionierä	1.0	
mue	1.0	
deponiert	1.0	
frederic	1.0	
aregigä	1.0	
dür	1.0	
adenkt	1.0	
zukinft	1.0	
lösigä	1.0	
anschienend	1.0	
freu	1.0	
siitä	1.0	
schnättertantä	1.0	
usäloh	1.0	
putzt	1.0	
gstürm	1.0	
ziitlich	1.0	
durrä	1.0	
beruhgt	1.0	
trinksch	1.0	
regelmässig	1.0	
schlimms	1.0	
termin	1.0	
rechts	1.0	
wöchentlich	1.0	
x	1.0	
jänu	1.0	
nö	1.0	
itreit	1.0	
gwäschä	1.0	
haftpflicht	1.0	
lüütisch	1.0	
verstands	1.0	
erklärig	1.0	
üblich	1.0	
diä	1.0	
servicereparature	1.0	
grät	1.0	
immr	1.0	
nünt	1.0	
insulinmangel	1.0	
wäschä	1.0	
buch	1.0	
planig	1.0	
explodiert	1.0	
assi	1.0	
nimsch	1.0	
dött	1.0	
näbert	1.0	
gruess	1.0	1.0
spekuliert	1.0	
damals	1.0	
okiii	1.0	
bhf	1.0	
42	1.0	
verstand	1.0	
gottseidank	1.0	
dabei	1.0	
gjammeret	1.0	
habbere	1.0	
zämä	1.0	
zombi-film	1.0	
gnötiget	1.0	
okayysy	1.0	
vorwärts	1.0	
langsam	1.0	
chömmed	1.0	
halbi	1.0	
fiirobig	1.0	
!!!!!	1.0	
bereusch	1.0	
nä	1.0	
wirres	1.0	
leo	1.0	
hennd	1.0	
karim	1.0	
kasch	1.0	
mied	1.0	
davon	1.0	
gehe	1.0	
ausfall	1.0	
erkältungsbedingten	1.0	
Schono	1.0	
Ahnung	1.0	
Keeine	1.0	
dört	1.0	
Jep	1.0	
nämlich	1.0	
schach	1.0	
pro	1.0	
neiii	1.0	
=)	1.0	
sälliii	1.0	
vorlässig	1.0	
merita	1.0	
Hoffä	1.0	
usä	1.0	
vornä	1.0	
Wartä	1.0	
erlich	1.0	
nemlich	1.0	
gschafft	1.0	
könne	1.0	
eifoch	1.0	
labersh	1.0	
zehnputze	1.0	
abschminke	1.0	
nene	1.0	
redactedQ15tokens65characters	1.0	
oft	1.0	
://	1.0	
satzrechnige	1.0	
denggt	1.0	
klei	1.0	
warm	1.0	
mien	1.0	
summer	1.0	
gnervt	1.0	
Yara	1.0	
hennds	1.0	
>	1.0	
föhne	1.0	
glätte	1.0	
Ebbbe	1.0	
locke	1.0	
gemisch	1.0	
henn	1.0	
moll	1.0	
kabinä	1.0	
schriibsch	1.0	
wiit	1.0	
sooii	1.0	
runde	1.0	
chaos	1.0	
schlof	1.0	
verbindig	1.0	
bscheid	1.0	1.0
gib	1.0	
langet	1.0	
gwändli	1.0	
aböbercho	1.0	
jöhrigi	1.0	
16	1.0	
merksxh	1.0	
irgendwo	1.0	
wallis	1.0	
nummä	1.0	
dämit	1.0	
häts	1.0	
agfangä	1.0	
euem	1.0	
überstohsch	1.0	
dassdin	1.0	
herisau	1.0	
trinkä	1.0	
betriebigsamt	1.0	
manuela	1.0	
tststs	1.0	
vermisst	1.0	
18	1.0	
chann	1.0	1.0
denkä	1.0	
probierä	1.0	
machä	1.0	
wöllä	1.0	
werkstatt	1.0	
Mensch	1.0	
sagt	1.0	
Tränen	1.0	
Mit	1.0	
chönnä	1.0	
Wünsch	1.0	
ufgstandä	1.0	
verknitteret	1.0	
Morgä	1.0	
wümsch	1.0	
pfussä	1.0	
stornierä	1.0	
mieti	1.0	
duuruftrag	1.0	
heiwäg	1.0	
velofahrä	1.0	
appezell	1.0	
gschnell	1.0	
abflug	1.0	1.0
akunft	1.0	1.0
redactedQ37tokens227characters	1.0	
Ömu	1.0	
ahfang	1.0	
Fürs	1.0	
Panem	1.0	
lern	1.0	
tönd	1.0	
ärm	1.0	
night	1.0	
volley	1.0	
memory	1.0	
zockt	1.0	
elton	1.0	
Eini	1.0	
samshtig	1.0	
Freak	1.0	
Sortiert	1.0	
trainiere	1.0	
gwûsst	1.0	
redactedQ11tokens52characters	1.0	
Exakt	1.0	
redactedQ6tokens37characters	1.0	
feshtgstellt	1.0	
boge	1.0	
rippe	1.0	
falte	1.0	
angsht	1.0	
chaufsh	1.0	
brot	1.0	
Top	1.0	
Sehr	1.0	
protipp	1.0	
Mhhh	1.0	
sheiteret	1.0	
drastish	1.0	
enzym	1.0	
abbau	1.0	
fleish	1.0	
vegi	1.0	
wasich	1.0	
gyno	1.0	
redactedQ7tokens43characters	1.0	
holsh	1.0	
tsheggt	1.0	
jogge	1.0	
Abxeh	1.0	
lifere	1.0	
gwünshte	1.0	
Wür	1.0	
squate	1.0	
knicked	1.0	
Xeht	1.0	
herzshläg	1.0	
würklich	1.0	
allgemeinheit	1.0	
Wtf	1.0	
abotte	1.0	
shwirig	1.0	
protein	1.0	
know	1.0	
Madame	1.0	
leonore	1.0	
O	1.0	
Steffu	1.0	
Lüku	1.0	
Chöit	1.0	
Wegem	1.0	
schaffsch	1.0	
gliiret	1.0	
schockierende	1.0	
Geschöpfe	1.0	
männlichen	1.0	
armen	1.0	
Opfer	1.0	
potentiellen	1.0	
alle	1.0	
weiter	1.0	
bettli	1.0	
liebr	1.0	
chilles	1.0	
dröck	1.0	
lose	1.0	
Wenigschtens	1.0	
Öbrigens	1.0	
fine	1.0	
doing	1.0	
fighting	1.0	
jaaaa	1.0	
bier	1.0	
môse	1.0	
Vorteil	1.0	
namal	1.0	
riss	1.0	
riise	1.0	
fett	1.0	
üh	1.0	
redactedQ7tokens42characters	1.0	
redactedQ19tokens98characters	1.0	
muskelufbauend	1.0	
bizli	1.0	
Natürlich	1.0	
fluff	1.0	
stil	1.0	
gshichte	1.0	
realistische	1.0	
leser	1.0	
bruche	1.0	
lishte	1.0	
kurse	1.0	
wab	1.0	
redactedQ19tokens100characters	1.0	
bezwiifles	1.0	
zieh	1.0	
wunde	1.0	
chleiderfätze	1.0	
openair	1.0	
ernehrig	1.0	
marischa	1.0	
smiley	1.0	
gschickz	1.0	
fühlsch	1.0	
choennt	1.0	
hami	1.0	
ischmi	1.0	
vipin	1.0	
abote	1.0	
zgfühl	1.0	
iscanne	1.0	
coole	1.0	
irahme	1.0	
original	1.0	
mitgno	1.0	
koffer	1.0	
kappa	1.0	
schwarzi	1.0	
lernstress	1.0	
deko	1.0	
wand	1.0	
shlechts	1.0	
soes	1.0	
Au	1.0	
redactedQ10tokens51characters	1.0	
Wuhui	1.0	
redactedQ5tokens40characters	1.0	
chalt	1.0	
lebenslauf	1.0	
daddy	1.0	
muscle	1.0	
zerscht	1.0	
chline	1.0	
gesehen	1.0	
Habe	1.0	
Fieber	1.0	
gegeben	1.0	
Margarita	1.0	
anrufst	1.0	
gesagt	1.0	
comebox	1.0	
margarita	1.0	
Warte	1.0	
röntgen	1.0	
dran	1.0	
Komme	1.0	
wännd	1.0	
babushka	1.0	
Kannst	1.0	
En	1.0	
schue	1.0	
dasichs	1.0	
münche	1.0	
motiviert	1.0	
meint	1.0	
gschwind	1.0	
luegt	1.0	
pump	1.0	
combat	1.0	
iplant	1.0	
Vorallem	1.0	
shake	1.0	
quark	1.0	
betti	1.0	
wünsh	1.0	
akzeptabel	1.0	
gangich	1.0	
usxeht	1.0	
abgno	1.0	
entweder	1.0	
abneh	1.0	
Muhahaha	1.0	
redactedQ24tokens123characters	1.0	
redactedQ9tokens53characters	1.0	
Natürli	1.0	
trizeps	1.0	
bizeps	1.0	
reeecht	1.0	
bimer	1.0	
machbar	1.0	
wider	1.0	
arbeit	1.0	
klingt	1.0	
trainiert	1.0	
pastor	1.0	
rory	1.0	
redactedQ8tokens51characters	1.0	
glaubich	1.0	
body	1.0	
Wohii	1.0	
Hofft	1.0	
shick	1.0	
kekse	1.0	
überein	1.0	
gegeposition	1.0	
meind	1.0	
mögliche	1.0	1.0
bereich	1.0	
öbs	1.0	
erkunde	1.0	
azeigt	1.0	
Unds	1.0	
redactedQ7tokens41characters	1.0	
dialekt	1.0	
englishe	1.0	
10	1.0	
texas	1.0	
undershribe	1.0	
shlau	1.0	
Weiss	1.0	
überwached	1.0	
48	1.0	
nechshte	1.0	
emojiQhocho	1.0	
machsh	1.0	
redactedQ15tokens92characters	1.0	
lachende	1.0	
itz	1.0	3.0
emmer	1.0	
redactedQ16tokens82characters	1.0	
fair	1.0	
fänd	1.0	
Mou	1.0	
sonntig	1.0	
vvk	1.0	
öberlegg	1.0	
esches	1.0	
biobüecher	1.0	
Okey	1.0	
Tut	1.0	
verlassen	1.0	
Säcken	1.0	
aussehenden	1.0	
verdächtig	1.0	
aaaaber	1.0	
chömed	1.0	
iär	1.0	
Merciiii	1.0	
emojiQmultipleMusicalNotes	1.0	
redactedQ43tokens212characters	1.0	
Är	1.0	
uswäg	1.0	
Schtress	1.0	
Dinger	1.0	
erfahrig	1.0	
gsänd	1.0	
se	1.0	1.0
ewig	1.0	
redactedQ10tokens58characters	1.0	
glichfalls	1.0	
Morning	1.0	
redactedQ7tokens49characters	1.0	
chorz	1.0	
grote	1.0	
gschobe	1.0	
krise	1.0	
heschs	1.0	
abfende	1.0	
redactedQ16tokens76characters	1.0	
schecke	1.0	
foti	1.0	
wärs	1.0	
magersucht	1.0	
wäge	1.0	
azeiche	1.0	
Osserdem	1.0	
wienis	1.0	
seklisch	1.0	
Esch	1.0	
erwachsewärde	1.0	
Ghört	1.0	
kanti	1.0	
ad	1.0	
redactedQ20tokens124characters	1.0	
formuliere	1.0	
marguerite	1.0	
gschickt	1.0	
Föteli	1.0	
zwöi	1.0	
bhoupteni	1.0	
erschtens	1.0	
erfülle	1.0	
Zfrideheit	1.0	
ihrer	1.0	
völlig	1.0	
gieng	1.0	
wunger	1.0	
Erkenntnis	1.0	
stolz	1.0	
gschpannt	1.0	
umz	1.0	
gfragt	1.0	3.0
passiere	1.0	
Falls	1.0	
deheim	1.0	
bildet	1.0	
fröit	1.0	
redactedQ31tokens169characters	1.0	
kompensiere	1.0	
Räschte	1.0	
fählend	1.0	
nämlech	1.0	
Strand	1.0	
Gfahr	1.0	
glych	1.0	
ziemlech	1.0	
Macher	1.0	
Manne	1.0	
anstatt	1.0	
gsuecht	1.0	
Bode	1.0	
Wys	1.0	
irgend	1.0	
abgränze	1.0	
nöch	1.0	
sötte	1.0	
Fründe	1.0	
Iri	1.0	
drahänke	1.0	
Graniumchischtli	1.0	
yboue	1.0	
redactedQ9tokens58characters	1.0	
scheint	1.0	
Raum	1.0	
braucht	1.0	
euch	1.0	
respektieren	1.0	
berüehrt	1.0	
hoffi	1.0	
derby	1.0	
chlyn	1.0	
prakti	1.0	
ji	1.0	
äbe	1.0	
Det	1.0	
redactedQ11tokens55characters	1.0	
ewa	1.0	
redactedQ14tokens72characters	1.0	
Ououou	1.0	
Geenau	1.0	
Auso	1.0	1.0
deför	1.0	
redactedQ13tokens58characters	1.0	
afe	1.0	
redactedQ3tokens23characters	1.0	
schaf	1.0	
wöu	1.0	
Tzz	1.0	
redactedQ10tokens48characters	1.0	
verstohs	1.0	
Dehaut	1.0	
emojiQclappingHandsSign	1.0	
Demfau	1.0	
rüehrt	1.0	
Hanem	1.0	
redactedQ13tokens70characters	1.0	
Juhu	1.0	
1.20	1.0	
gfühlschaos	1.0	
option	1.0	
Aaaah	1.0	
ahgno	1.0	
redactedQ12tokens62characters	1.0	
erkönnt	1.0	
redactedQ13tokens78characters	1.0	
emojiQfaceWithStuckOutTongue	1.0	
wärbig	1.0	
Klässler	1.0	
5.	1.0	
Vlt	1.0	
vögel	1.0	
zeigsch	1.0	
Sell	1.0	
zuegäh	1.0	
Muss	1.0	
marianna	1.0	
chonnt	1.0	
film	1.0	
anschinend	1.0	
früehlig	1.0	
spezielli	1.0	
muetig	1.0	
fendes	1.0	
usefende	1.0	
vermuetet	1.0	
wiis	1.0	
art	1.0	
ehrlechkeit	1.0	
weisi	1.0	
Bestoht	1.0	
dech	1.0	
steff	1.0	
erwartisch	1.0	
verlamge	1.0	
öber	1.0	
redactedQ21tokens130characters	1.0	
ufhole	1.0	
be	1.0	
abegheit	1.0	
note	1.0	
gsehs	1.0	
bescht	1.0	
armseelig	1.0	
maturapriis	1.0	
wörd	1.0	
aflehe	1.0	
blei	1.0	
redactedQ5tokens18characters	1.0	
umehopse	1.0	
trampolin	1.0	
bätte	1.0	
Eis	1.0	
schempfwort	1.0	
persönlech	1.0	
fend	1.0	
domm	1.0	
komische	1.0	
warschinli	1.0	
distanz	1.0	
redactedQ12tokens51characters	1.0	
Bereusch	1.0	
alegge	1.0	
verarbeite	1.0	
Hed	1.0	
Eifac	1.0	
näbe	1.0	
Gloub	1.0	
gäud	1.0	
Komisch	1.0	
latzhose	1.0	
luegemer	1.0	
redactedQ17tokens75characters	1.0	
guugerträffe	1.0	
zroggchonnt	1.0	
ere	1.0	
Houptsach	1.0	
verantworte	1.0	
Hö	1.0	
mirja	1.0	
redactedQ18tokens96characters	1.0	
erkläre	1.0	
mösse	1.0	
jugendleche	1.0	
änglisch	1.0	
arm	1.0	
organisiere	1.0	
redactedQ16tokens73characters	1.0	
erscht	1.0	
21	1.0	
sett	1.0	
nummer	1.0	
mitteilt	1.0	
jedem	1.0	
hintergrund	1.0	
vilicht	1.0	
grilliert	1.0	
obedra	1.0	
mama	1.0	
übel	1.0	
juni	1.0	
ui	1.0	
tasse	1.0	
ustrunke	1.0	
schluck	1.0	
einzige	1.0	
winti	1.0	
sgliche	1.0	
psychologie	1.0	
pädagogik	1.0	
biologie	1.0	
human	1.0	
Parkiere	1.0	
benide	1.0	
stutzig	1.0	
böd	1.0	
garage	1.0	
verdonnert	1.0	
bürgle	1.0	
stick	1.0	
Machmer	1.0	
nef	1.0	
sicho	1.0	
vignette	1.0	
erlaubsch	1.0	
hart	1.0	
jedoch	1.0	
weinfelden	1.0	
ag	1.0	
behandeln	1.0	
vertraulich	1.0	
information	1.0	
gfroged	1.0	
denked	1.0	
checkeds	1.0	
batilde	1.0	
speziell	1.0	
Nüt	1.0	
eifacht	1.0	
viellicht	1.0	
probearbeite	1.0	
Mol	1.0	
Heyhey	1.0	
5i	1.0	
merciii	1.0	
redactedQ21tokens119characters	1.0	
Nacht	1.0	
ablänke	1.0	
London	1.0	
redactedQ21tokens105characters	1.0	
Band	1.0	
usegfunge	1.0	
Derfür	1.0	
;P	1.0	
erfougrich	1.0	
chöi	1.0	
redactedQ28tokens123characters	1.0	
ÖV	1.0	
mitm	1.0	
re	1.0	
Schluss	1.0	
Skype	1.0	
Meinig	1.0	
Ketut	1.0	
sone	1.0	
eismau	1.0	
viu	1.0	1.0
Stap	1.0	
Mami	1.0	
dert	1.0	
Soooorry	1.0	
ersch	1.0	
Usserdäm	1.0	
hässig	1.0	
37	1.0	
34	1.0	
KW	1.0	
xxxxxxxxxxxxxxxxxx@yyyyyy.ch	1.0	
Geburtstag	1.0	
Gueti	1.0	
aues	1.0	
Härze	1.0	
ganzem	1.0	
verbi	1.0	
jetze	1.0	
schnäu	1.0	
Casper	1.0	
persööönlich	1.0	
emojiQwhiteHeavyCheckMark	1.0	
besteisch	1.0	
problemlos	1.0	
heibrocht	1.0	
Auto	1.0	
agmacht	1.0	
Deitige	1.0	
glade	1.0	
anhin	1.0	
iergendwo	1.0	
dvorträg	1.0	
fröimi	1.0	
Yeah	1.0	
redactedQ12tokens66characters	1.0	
rekla	1.0	
ashu	1.0	
prekjuce	1.0	
sam	1.0	
To	1.0	
moze	1.0	
Rekli	1.0	
davo	1.0	
Tako	1.0	
flug	1.0	
buechemer	1.0	
vielmoool	1.0	
nocher	1.0	
hüle	1.0	
grennt	1.0	
fach	1.0	
weles	1.0	
wönd	1.0	
Daphné	1.0	
zschniede	1.0	
wenigschtens	1.0	
lächerlich	1.0	
hilfriich	1.0	
Antstatt	1.0	
jein	1.0	
redactedQ17tokens99characters	1.0	
redactedQ21tokens194characters	1.0	
rückmäudig	1.0	
augemein	1.0	
iz	1.0	
reagiere	1.0	
unis	1.0	
einzelne	1.0	
vorstöue	1.0	
Chammer	1.0	
müesam	1.0	
realisiert	1.0	
baud	1.0	1.0
Hamer	1.0	
la	1.0	
laht	1.0	
lallo	1.0	
gsej	1.0	
hiiwiis	1.0	
vl	1.0	
söttesis	1.0	
verbott	1.0	
bob	1.0	
kinnlange	1.0	
dobro	1.0	
Pa	1.0	
hoi	1.0	
verwarnig	1.0	
verchäufer	1.0	
neuii	1.0	
dunschtig	1.0	
sitem	1.0	
spontan	1.0	
termine	1.0	
strukturiert	1.0	
chöntisch	1.0	
wechlisch	1.0	
ergriffsch	1.0	
initiative	1.0	
chönds	1.0	
willd	1.0	
lehr	1.0	
verlauf	1.0	
müends	1.0	
verlangsch	1.0	
durezieh	1.0	
plane	1.0	
wies	1.0	
denäbed	1.0	
install	1.0	
bildschirm	1.0	
istelle	1.0	
pferdefleisch	1.0	
Ju	1.0	
beleidigt	1.0	
backe	1.0	
dunkel	1.0	
lampe	1.0	
Tiziano	1.0	
produkt	1.0	
dütsche	1.0	
wahrschinli	1.0	
Zamisli	1.0	
wos	1.0	
lustig	1.0	
miona	1.0	
Moze	1.0	
redactedQ15tokens88characters	1.0	
organisiert	1.0	
geburtstagsparty	1.0	
gschenk	1.0	
bessers	1.0	
soooo	1.0	
empfohle	1.0	
ander	1.0	
redactedQ37tokens193characters	1.0	
Betti	1.0	
kenne	1.0	
ETH	1.0	
schiene	1.0	
öper	1.0	
Kiessling	1.0	
Reaktion	1.0	
Basel	1.0	
glicht	1.0	
hoffentli	1.0	
rächts	1.0	
redactedQ1tokens20characters	1.0	
starch	1.0	
gspürt	1.0	
schüsse	1.0	
Salatic	1.0	
lønd	1.0	
nød	1.0	
redactedQ9tokens56characters	1.0	
Ahnig	1.0	
Gfühl	1.0	
Fans	1.0	
Spiler	1.0	
Gsichter	1.0	
Jetz	1.0	
redactedQ14tokens69characters	1.0	
sunnegsinteret	1.0	
Freiziit	1.0	
dänkes	1.0	
Assistent	1.0	
gess	1.0	
bewiise	1.0	
lav	1.0	
thermo	1.0	
lücke	1.0	
Finde	1.0	
bitter	1.0	
spielzüg	1.0	
sim	1.0	
chönns	1.0	
veröffentlichen	1.0	
Website	1.0	
Zwischentests	1.0	
rici	1.0	
koche	1.0	
machtme	1.0	
Gfunde	1.0	
polybahn	1.0	
früener	1.0	
gestert	1.0	
dozent	1.0	
heigi	1.0	
Genau	1.0	
public	1.0	
Europaallee	1.0	
ernst	1.0	
glaubsch	1.0	
gredt	1.0	
nachr	1.0	
schlaf	1.0	
kusseli	1.0	
dariöggelii	1.0	
gratuliere	1.0	
wuhuuu	1.0	
schicks	1.0	
wels	1.0	
behunt	1.0	
uni	1.0	
zimmrr	1.0	
tüfel	1.0	
lala	1.0	
zack	1.0	
heiland	1.0	
gaang	1.0	
gaaang	1.0	
wobi	1.0	
dankee	1.0	
hahahha	1.0	
obline	1.0	
wel	1.0	
redactedQ8tokens47characters	1.0	
:(((	1.0	
wen	1.0	
chaners	1.0	
statistik	1.0	
weli	1.0	
Leid	1.0	
tutmer	1.0	
atönt	1.0	
konstant	1.0	
alternierend	1.0	
Dier	1.0	
gwisst	1.0	
ischetze	1.0	
hite	1.0	
traiming	1.0	
cati	1.0	
hmmm	1.0	
ufff	1.0	
haltet	1.0	
gian	1.0	
verzeiht	1.0	
wends	1.0	
bringets	1.0	
prüefige	1.0	
ol	1.0	
Hendr	1.0	
Cooli	1.0	
falsch	1.0	
raucht	1.0	
zeit	1.0	
Lange	1.0	
wartete	1.0	
ausmalen	1.0	
Fantasie	1.0	
ausgefallenen	1.0	
meiner	1.0	
Nähe	1.0	
seiner	1.0	
Sekunde	1.0	
genoss	1.0	
chekt	1.0	
zemme	1.0	
shisst	1.0	
bruefsbildnerin	1.0	
dankedankedanke	1.0	
shiss	1.0	
treume	1.0	
stranges	1.0	
shild	1.0	
nem	1.0	
stahts	1.0	
redactedQ6tokens36characters	1.0	
jaaa	1.0	
nimmts	1.0	
dieses	1.0	
emojiQbabyAngel	1.0	
erstunt	1.0	
auso	1.0	1.0
Prüefige	1.0	
versetzt	1.0	
aui	1.0	
Fiat	1.0	
Mitem	1.0	
redactedQ8tokens43characters	1.0	
fröid	1.0	
är	1.0	
:-/	1.0	
Jahr	1.0	
regel	1.0	
kennsh	1.0	
tiptop	1.0	
halli	1.0	
hahahahaha	1.0	
glanget	1.0	
arsh	1.0	
arbeiten	1.0	
Dass	1.0	
Zeiten	1.0	
redactedQ15tokens71characters	1.0	
wot	1.0	
körper	1.0	
widerhole	1.0	
lenker	1.0	
sattel	1.0	
dassme	1.0	
glese	1.0	
Zytig	1.0	
fahr	1.0	
winzige	1.0	
ticino	1.0	
Polenta	1.0	
emojiQearOfMaize	1.0	
Italia	1.0	
Happedibuppedi	1.0	
platziert	1.0	
niene	1.0	
wonis	1.0	
ischmer	1.0	
ufgab	1.0	
richte	1.0	
matrix	1.0	
formle	1.0	
Sovill	1.0	
kapitel	1.0	
chopf	1.0	
vrstellt	1.0	
angeri	1.0	
heisi	1.0	
Watt	1.0	
lehrjahr	1.0	
glernt	1.0	
gäu	1.0	
ztüe	1.0	
systemer	1.0	
autä	1.0	
vorgrächnät	1.0	
hanim	1.0	
watt	1.0	
halogen	1.0	
isteuä	1.0	
wwf	1.0	
näch	1.0	
cheut	1.0	
churztest	1.0	
sound	1.0	
ac	1.0	
p	1.0	
sicherheit	1.0	
gibä	1.0	
befriedigend	1.0	
smart	1.0	
mitgabge	1.0	
gfrogt	1.0	
hetto	1.0	
mum	1.0	
hoffentlich	1.0	
wennt	1.0	
segemer	1.0	
!?	1.0	
wetsch	1.0	
mannschaft	1.0	1.0
geg	1.0	
bvb	1.0	
fairsi	1.0	
wennd	1.0	
jageell	1.0	
prüeft	1.0	
mmh	1.0	
jahuere	1.0	
ufd	1.0	
uufpasst	1.0	
striitet	1.0	
whyy	1.0	
beklagt	1.0	
nee	1.0	
sichergaah	1.0	
dure	1.0	
finded	1.0	
oouuu	1.0	
drübere	1.0	
siicher	1.0	
tiphaine	1.0	
verhältnis	1.0	
buure	1.0	
muahhaha	1.0	
;(	1.0	
gsii	1.0	
chaufe	1.0	
skiisache	1.0	
Salii	1.0	
pisch	1.0	
emojiQblueHeart	1.0	
chent	1.0	
iwüsst	1.0	
Tueter	1.0	
ufzhöre	1.0	
segi	1.0	
nechstmal	1.0	
bestande	1.0	
iedefalls	1.0	
staht	1.0	
ihrs	1.0	
verstecktdass	1.0	
bimir	1.0	
scherz	1.0	
vorprogrammiert	1.0	
drama	1.0	
fern	1.0	
happy	1.0	
drucke	1.0	
dume	1.0	
lol	1.0	
hoffemer	1.0	
spil	1.0	
ufgschriebe	1.0	
Merciii	1.0	
zite	1.0	
bracht	1.0	
genial	1.0	
emfall	1.0	
gfallt	1.0	
verdient	1.0	
verchratz	1.0	
schlimm	1.0	
heichum	1.0	
sturm	1.0	
wartet	1.0	
duschi	1.0	
lahni	1.0	
heey	1.0	
sisbroehrewort	1.0	
Neee	1.0	
töggele	1.0	
lui	1.0	
leur	1.0	
janed	1.0	
ouu	1.0	
instaa	1.0	
folge	1.0	
üsserliche	1.0	
ufgrund	1.0	
urteilsch	1.0	
ifersüchtig	1.0	
verpisse	1.0	
wixxerin	1.0	
ignoriers	1.0	
Antworte	1.0	
y	1.0	
dankeeh	1.0	
awww	1.0	
pls	1.0	
mobbing	1.0	
nieeeeeee	1.0	
ahgrichtet	1.0	
seiter	1.0	
shit	1.0	
hhah	1.0	
Célestine	1.0	
kloster	1.0	
anschiinend	1.0	
maron	1.0	
photoshop	1.0	
diir	1.0	
gahz	1.0	
psshtt	1.0	
klarisa	1.0	
exfründin	1.0	
hormon	1.0	
buchspeicheldrüse	1.0	
usglacht	1.0	
hanen	1.0	
denenimmer	1.0	
célestine	1.0	
ahne	1.0	
kompizimmer	1.0	
vors	1.0	
Letschrmal	1.0	
hahahaah	1.0	
verlege	1.0	
lacht	1.0	
alug	1.0	
Hopro	1.0	
heh	1.0	
Chan	1.0	
lesbisch	1.0	
fühle	1.0	
joo	1.0	
irwie	1.0	
aglüte	1.0	
Chamer	1.0	
hundesôhn	1.0	
Schmutz	1.0	
schwümme	1.0	
äuä	1.0	
umeschrei	1.0	
sonern	1.0	
autogramm	1.0	
freegt	1.0	
profil	1.0	
abgheit	1.0	
;€	1.0	
draht	1.0	
bezahlt	1.0	
show	1.0	
'd	1.0	
wecke	1.0	
dad	1.0	
schüsst	1.0	
ziel	1.0	
mitnimmsch	1.0	
;)*	1.0	
:00	1.0	
derb	1.0	
klassebuech	1.0	
verbicho	1.0	
hilft	1.0	
-.-	1.0	1.0
blöööd	1.0	
zemeschisst	1.0	
echti	1.0	
h	1.0	
HahA	1.0	
sochlii	1.0	
bonz	1.0	
tztztz	1.0	
somene	1.0	
ellei	1.0	
doppelfick	1.0	
wellä	1.0	
grössere	1.0	
armselig	1.0	
iaaa	1.0	
roll	1.0	
cm	1.0	
zettel	1.0	
ft	1.0	
iiträge	1.0	
lehrer	1.0	
stahsch	1.0	
eigentich	1.0	
offiziell	1.0	
Machsch	1.0	
bizbringe	1.0	
ihrere	1.0	
linda	1.0	
tschentelman	1.0	
quasi	1.0	
nedmal	1.0	
oww	1.0	
hankei	1.0	
heii	1.0	
nechst	1.0	
gseiht	1.0	
rose	1.0	
epperem	1.0	
hahahhahaah	1.0	
hahhhahah	1.0	
erwahrtet	1.0	
hahahahahaha	1.0	
alsoo	1.0	
carlos	1.0	
bruchschs	1.0	
bezwiefle	1.0	
esff	1.0	
herz	1.0	
ganzganz	1.0	
shlecht	1.0	
murni	1.0	
agent	1.0	
weismer	1.0	
bestaht	1.0	
verteilt	1.0	
snickers	1.0	
kämpfe	1.0	
muesi	1.0	
bluet	1.0	
mittel	1.0	
somne	1.0	
Dasmal	1.0	
mri	1.0	
chliini	1.0	
operiere	1.0	
pflaster	1.0	
entzündet	1.0	
total	1.0	
mul	1.0	
wasser	1.0	
OP	1.0	
Suscht	1.0	
basebad	1.0	
tolle	1.0	
bestätgt	1.0	
hypnotisiere	1.0	
duu	1.0	
iih	1.0	
gymi	1.0	
iasho	1.0	
chopfwehhh	1.0	
beschneiden	1.0	
foto	1.0	
unten	1.0	
alleine	1.0	
j-sisters	1.0	
anebracht	1.0	
begriffr	1.0	
Vill	1.0	
bechunnt	1.0	
redactedQ11tokens61characters	1.0	
Jaaaaa	1.0	
redactedQ20tokens96characters	1.0	
inzieh	1.0	
lahn	1.0	
erprsse	1.0	
nimmt	1.0	
gruppe	1.0	
kontext	1.0	
verdrängt	1.0	
wegneh	1.0	
höcklet	1.0	
zarah	1.0	
bedenkt	1.0	
Wemmer	1.0	
immo	1.0	
vowege	1.0	
wad	1.0	
ush	1.0	
zürcher	1.0	
wassi	1.0	
weil	1.0	
nämloch	1.0	
redactedQ21tokens98characters	1.0	
redactedQ29tokens154characters	1.0	
redactedQ21tokens114characters	1.0	
muetto	1.0	
minere	1.0	
Abo	1.0	
monat	1.0	
gaaaaaaanz	1.0	
Sötshm	1.0	
nötig	1.0	
zwingend	1.0	
erwecke	1.0	
idruck	1.0	
chönt	1.0	
emojiQfaceWithoutMouth	1.0	
bovors	1.0	
afangt	1.0	
ärgere	1.0	
bereits	1.0	
smile	1.0	
ufghellt	1.0	
wach	1.0	
Klaro	1.0	
action	1.0	
astrid	1.0	
ger	1.0	
redactedQ12tokens64characters	1.0	
redactedQ18tokens102characters	1.0	
abgschlosse	1.0	
gröl	1.0	
demig	1.0	
bearbeite	1.0	
till	1.0	
raffaella	1.0	
erinnern	1.0	
würden	1.0	
Antragsstellerin	1.0	
geehrte	1.0	
vostande	1.0	
auge	1.0	
weils	1.0	
Asoo	1.0	
Jouuu	1.0	
Igewo	1.0	
wenner	1.0	
pipelette	1.0	
cafi	1.0	
spaziere	1.0	
agschisse	1.0	
schwieriger	1.0	
Test	1.0	
womer	1.0	
neeii	1.0	
weissscho	1.0	
schlussgmacht	1.0	
hilfeee	1.0	
iammeret	1.0	
*O*	1.0	
hot	1.0	
ohahaha	1.0	
sait	1.0	
ufo	1.0	
bruchsch	1.0	
jsa	1.0	
aaber	1.0	
überhaubt	1.0	
abzehlbar	1.0	
N	1.0	
schwatztante	1.0	
driss	1.0	
hoher	1.0	
ernscht	1.0	
Jaavooll	1.0	
zwiiflet	1.0	
raktion	1.0	
mom	1.0	
berkay	1.0	
regt	1.0	
begeisteret	1.0	
maitli	1.0	
gahts	1.0	
näh	1.0	
geili	1.0	
niedriger	1.0	
entschuldiget	1.0	
schlechts	1.0	
sondern	1.0	
bös	1.0	
drozdem	1.0	
dfbpokal	1.0	
powerpointpräsentation	1.0	
link	1.0	
bring	1.0	
schmelzpunkt	1.0	
fregt	1.0	
ahzeigt	1.0	
Mid	1.0	
whats	1.0	
füren	1.0	
beachten	1.0	
Zumutbarkeit	1.0	
Beurteilung	1.0	
Teilzeit	1.0	
uflege	1.0	
wegen	1.0	
wiss	1.0	1.0
schwanger	1.0	
umshribe	1.0	
züri	1.0	
chrchr	1.0	
emojiQwhiteUpPointingBackhandIndex	1.0	
ober	1.0	
Jaashoo	1.0	
dat	1.0	
Yuwwe	1.0	
shribsh	1.0	
oche	1.0	
denkd	1.0	
umegloffe	1.0	
swear	1.0	
s15	1.0	
nacktmolch	1.0	
Aaaaaaaaaaaah	1.0	
Unentschidä	1.0	
geeil	1.0	
gspeicheret	1.0	
schiick	1.0	
egaal	1.0	
nerven	1.0	
Worten	1.0	
menschen	1.0	
unschuldige	1.0	
musvhen	1.0	
müsse	1.0	
hesxh	1.0	
huuere	1.0	
chotz	1.0	
adé	1.0	
leus	1.0	
caro	1.0	
tima	1.0	
berk	1.0	
sherin	1.0	
heft	1.0	
blaue	1.0	
wart	1.0	
fascht	1.0	
irr	1.0	
untergwichtig	1.0	
wichtigste	1.0	
Alta	1.0	
Ufpasse	1.0	
https://www.youtube.com/watch?v=nGdFHJXciAQ&feature=youtube_gdata_player	1.0	
Winter	1.0	
Seasons	1.0	
Four	1.0	
Vivaldi	1.0	
wunshdenke	1.0	
Bestrafe	1.0	
Woe	1.0	
beshdi	1.0	
feststell	1.0	
usprobier	1.0	
dassis	1.0	
üveleitw	1.0	
std.	1.0	
halb	1.0	
shwach	1.0	
verstrahlt	1.0	
beshd	1.0	
Lieb	1.0	1.0
ziile	1.0	
redactedQ10tokens42characters	1.0	
Epic	1.0	
igshlafe	1.0	
Froi	1.0	
redactedQ29tokens141characters	1.0	
Bild	1.0	
wahr	1.0	
Spielen	1.0	
Männo	1.0	
bad	1.0	
Breaking	1.0	
Früeh	1.0	
wiederholig	1.0	
später	1.0	
klargmacht	1.0	
vomnem	1.0	
Shnukkiiih	1.0	
Sg	1.0	
redactedQ4tokens12characters	1.0	
isher	1.0	
verbringe	1.0	
Wett	1.0	
livestream	1.0	
händ	1.0	1.0
Hé	1.0	
Okee	1.0	
redactedQ5tokens39characters	1.0	
xeot	1.0	
shrenkt	1.0	
gluegt	1.0	
Soo	1.0	
ladet	1.0	
ballet	1.0	
Sit	1.0	
zemmepasse	1.0	
würed	1.0	
horror	1.0	
albtreum	1.0	
Ii	1.0	
zrugg-	1.0	
Gruess	1.0	
redactedQ21tokens118characters	1.0	
redactedQ7tokens47characters	1.0	
morged	1.0	
gschtandä-au	1.0	
Pub	1.0	
Kanonä-sssssssss	1.0	
Gfaar	1.0	
Fischzucht	1.0	
Wäg	1.0	
deichä	1.0	
Haus	1.0	
ausser	1.0	
Möchtegernchefchen	1.0	
Deichä	1.0	
palletti	1.0	
shads	1.0	
usw	1.0	
zb	1.0	
Hasi	1.0	
Weg	1.0	
chleid	1.0	
Yaa	1.0	
redactedQ4tokens32characters	1.0	
weekens	1.0	
nächst	1.0	
volles	1.0	
wettsh	1.0	
redactedQ25tokens123characters	1.0	
gstriichlet	1.0	
Schlangebiss	1.0	
abhängig	1.0	
grey	1.0	
Stirling	1.0	
Asonächi	1.0	
marktplatz	1.0	
redactedQ19tokens99characters	1.0	
Shnukkoladö	1.0	
http://www.eroticprague.com/girl/linda-8/	1.0	
http://www.eroticprague.com/girl/katy/	1.0	
Vlkt	1.0	
Iversucht	1.0	
Égal	1.0	
Sho	1.0	
Fiiix	1.0	
zweit	1.0	
gflüstered	1.0	
ohr	1.0	
chackalacka	1.0	
schackalacka	1.0	
nemli	1.0	
emojiQpersonFrowning	1.0	
Heisst	1.0	
redactedQ13tokens71characters	1.0	
Selbr	1.0	
Zwenig	1.0	
Aaah	1.0	
redactedQ26tokens144characters	1.0	
ya	1.0	
muesh	1.0	
verbrevhe	1.0	
Sones	1.0	
Usserdem	1.0	
ahkah	1.0	
hetsi	1.0	
klamotte	1.0	
fetish	1.0	
8.15	1.0	
gegeteil	1.0	
gwünsht	1.0	
chackawacka	1.0	
heshs	1.0	
blaskarriere	1.0	
Shluss	1.0	
umbedinngt	1.0	
vidéo	1.0	
Brutals	1.0	
Muesh	1.0	
baum	1.0	
Amnem	1.0	
nois	1.0	
dehinter	1.0	
kraft	1.0	
durch	1.0	
überlebt	1.0	
huestish	1.0	
erwähne	1.0	
mitbewohner	1.0	
Neue	1.0	
züglet	1.0	
wohnig	1.0	
agleit	1.0	
sovielne	1.0	
hetted	1.0	
Anderi	1.0	
Akzeptier	1.0	
vorallem	1.0	
gömmer	1.0	
erdahrig	1.0	
Vorher	1.0	
bade	1.0	
uscho	1.0	
Nacher	1.0	
xe	1.0	
immervdoppelt	1.0	
marcelo	1.0	
spieler	1.0	
verliert	1.0	
Ahänger	1.0	
eigene	1.0	
masse	1.0	
hohi	1.0	
Neutronestern	1.0	
aluegt	1.0	
galaxie	1.0	
nachbar	1.0	
oisi	1.0	
adromeda	1.0	
Chum	1.0	
unnötig	1.0	
Öppe	1.0	
Shnuxxii	1.0	
fuessballs	1.0	
Justin	1.0	
krasse	1.0	
Reg	1.0	
sammle	1.0	
cavani	1.0	
auna	1.0	
Pag	1.0	
messi	1.0	
kommentator	1.0	
Shiit	1.0	
dri	1.0	
zweits	1.0	
segs	1.0	
Nix	1.0	
redactedQ13tokens75characters	1.0	
ère	1.0	
lushd	1.0	
wosh	1.0	
alege	1.0	
unnòtig	1.0	
feshd	1.0	
manques	1.0	
tu	1.0	
Psst	1.0	
Hoihoi	1.0	
dei	1.0	
geilst	1.0	
shö	1.0	
fahsch	1.0	
chlii	1.0	
verstahni	1.0	
liids	1.0	
Absicht	1.0	
nah	1.0	
Schribsch	1.0	
anderem	1.0	
Under	1.0	
redactedQ14tokens71characters	1.0	
Wahrheit	1.0	
schiesse	1.0	
Mond	1.0	
ufe	1.0	
Umfeld	1.0	
gschlafe	1.0	
redactedQ18tokens88characters	1.0	
vorher	1.0	
redactedQ24tokens119characters	1.0	
Piste	1.0	
schätze	1.0	
willkomme	1.0	
nidemal	1.0	
italienisch	1.0	
Telefon	1.0	
umestresse	1.0	
struub	1.0	
Hypochonder	1.0	
buchs	1.0	
13.00	1.0	
grösseornig	1.0	
Programm	1.0	
14.9.	1.0	
Diskussion	1.0	
redactedQ15tokens73characters	1.0	
Idee	1.0	
redactedQ14tokens67characters	1.0	
NÜD	1.0	
JA	1.0	
ISCH	1.0	
ES	1.0	
redactedQ53tokens284characters	1.0	
Eher	1.0	
10ni	1.0	
deheime	1.0	
hoffes	1.0	
hofft	1.0	
redactedQ17tokens80characters	1.0	
Lug	1.0	
redactedQ39tokens188characters	1.0	
redactedQ8tokens30characters	1.0	
Facebook	1.0	
redactedQ2tokens17characters	1.0	
redactedQ42tokens225characters	1.0	
neuahfang	1.0	
Mage	1.0	
wk	1.0	
wirde	1.0	
schaffet	1.0	
redactedQ8tokens45characters	1.0	
redactedQ10tokens60characters	1.0	
getue	1.0	
höchi	1.0	
garantier	1.0	
Getue	1.0	
legge	1.0	
Denke	1.0	
redactedQ14tokens75characters	1.0	
erwachse	1.0	
verlah	1.0	
inklusive	1.0	
redactedQ47tokens244characters	1.0	
redactedQ8tokens41characters	1.0	
redactedQ29tokens142characters	1.0	
redactedQ8tokens48characters	1.0	
gstohle	1.0	
fix	1.0	
gniesse	1.0	
erstuunt	1.0	
Halle	1.0	
Schlaf	1.0	
redactedQ2tokens16characters	1.0	
besseret	1.0	
Keis	1.0	
Neeeeeeeeeeeei	1.0	
sueche	1.0	
Kompromiss	1.0	
kah	1.0	
irgndwie	1.0	
Kommentar	1.0	
grächnet	1.0	
tschuld	1.0	
Grund	1.0	
nahhole	1.0	
begründe	1.0	
Nenn	1.0	
redactedQ33tokens168characters	1.0	
bestätigt	1.0	
redactedQ15tokens67characters	1.0	
redactedQ10tokens57characters	1.0	
darf	1.0	
redactedQ13tokens63characters	1.0	
Loveyoutoo	1.0	
iergendwie	1.0	
uhuere	1.0	
redactedQ7tokens40characters	1.0	
effektiv	1.0	
befürchte	1.0	
Euren	1.0	
badi	1.0	
redactedQ5tokens38characters	1.0	
regionaljournal	1.0	
Papi	1.0	
Sägs	1.0	
wahrschindlich	1.0	
wüsseds	1.0	
garnid	1.0	
redactedQ9tokens40characters	1.0	
ahgäh	1.0	
bestätiged	1.0	
%	1.0	
50	1.0	
verzapft	1.0	
person	1.0	
fürne	1.0	
zämegsi	1.0	
gnüsses	1.0	
iergendwas	1.0	
entdüschtcsig	1.0	
ahgschwulle	1.0	
zahnfleisch	1.0	
redactedQ10tokens41characters	1.0	
bruuchsch	1.0	
bewiis	1.0	
wixxer	1.0	
gröber	1.0	
redactedQ12tokens49characters	1.0	
Vilicht	1.0	
hälfti	1.0	
redactedQ8tokens35characters	1.0	
redactedQ13tokens50characters	1.0	
Bildschirm	1.0	
starred	1.0	
Hauptsach	1.0	
arschlöcher	1.0	
wättere	1.0	
Tja	1.0	
redactedQ12tokens55characters	1.0	
grosseltere	1.0	
hanere	1.0	
redactedQ15tokens69characters	1.0	
redactedQ12tokens63characters	1.0	
verlore	1.0	
ahlüte	1.0	1.0
ahgsetzt	1.0	1.0
druuf	1.0	1.0
Iehr	1.0	
muul	1.0	
telefon	1.0	
uusgang	1.0	
abgseid	1.0	
Bett	1.0	
meldet	1.0	
Sklave	1.0	
Has	1.0	
l	1.0	
Vorgester	1.0	
schiinbar	1.0	
airport	1.0	
Euro	1.0	
Flüg	1.0	
redactedQ28tokens132characters	1.0	
haargenau	1.0	
gliich	1.0	
chunnsch	1.0	
Tüür	1.0	
alfa	1.0	
Hätt	1.0	
ahlange	1.0	
eigeschafte	1.0	
maa	1.0	
vomene	1.0	
gägeteil	1.0	
Zugführer	1.0	
kuschele	1.0	
reals	1.0	
Spiel	1.0	
wg	1.0	
stönd	1.0	
plastikpflanze	1.0	
rauche	1.0	
höremer	1.0	
ängel	1.0	
träumt	1.0	
gäh	1.0	
usdruck	1.0	
stand	1.0	
los	1.0	
chumi	1.0	
imene	1.0	1.0
Hättisch	1.0	
ahcho	1.0	
Frag	1.0	
Böh	1.0	
pfuuset	1.0	
Dänkes	1.0	
hock	1.0	
uftue	1.0	
vorzieh	1.0	
virtuelle	1.0	
emojiQpistol	1.0	
shwiiz	1.0	
darioo	1.0	
Weisses	1.0	
persone	1.0	
vell	1.0	
gaaanz	1.0	
lösche	1.0	
erhoff	1.0	
redactedQ19tokens94characters	1.0	
bringt	1.0	
Nee	1.0	
redactedQ200tokens1276characters	1.0	
anymore	1.0	
ablenke	1.0	
liecht	1.0	
getraut	1.0	
aspreche	1.0	
redactedQ2tokens18characters	1.0	
Jaaa	1.0	
besitze	1.0	
welche	1.0	
vellne	1.0	
interesse	1.0	
Jaajo	1.0	
gnue	1.0	
Mer	1.0	
lese	1.0	
kabutt	1.0	
Hm	1.0	
Trotzdem	1.0	
magst	1.0	
okee	1.0	
redactedQ35tokens176characters	1.0	
Yes	1.0	
redactedQ4tokens27characters	1.0	
redactedQ9tokens50characters	1.0	
redactedQ25tokens130characters	1.0	
get	1.0	
erklär	1.0	
gsesch	1.0	
Wennd	1.0	
mosch	1.0	
Selli	1.0	
gwartet	1.0	
hött	1.0	
bes	1.0	
redactedQ14tokens73characters	1.0	
homo	1.0	
schribt	1.0	
redactedQ10tokens62characters	1.0	
Hab	1.0	
redactedQ2tokens24characters	1.0	
schribi	1.0	
Ned	1.0	
wör	1.0	
Ciao	1.0	
schlafe	1.0	1.0
Schuldig	1.0	
ufgreggt	1.0	
niamert	1.0	
wonni	1.0	
usglacha	1.0	
Aisha	1.0	
ahsag	1.0	
glauba	1.0	
findi	1.0	
denka	1.0	
zappla	1.0	
öppert	1.0	
würr	1.0	
dh	1.0	
halba	1.0	
kama	1.0	
redactedQ19tokens90characters	1.0	
sus	1.0	
redactedQ16tokens78characters	1.0	
nenna	1.0	
notwehr	1.0	
redactedQ15tokens64characters	1.0	
grössta	1.0	
schluss	1.0	
ufpassa	1.0	
nonia	1.0	
abgseit	1.0	
missverstande	1.0	
redactedQ7tokens26characters	1.0	
wärsch	1.0	
schönner	1.0	
veell	1.0	
rechtig	1.0	
schisst	1.0	
maann	1.0	
Fendes	1.0	
umso	1.0	
franzl	1.0	
unterschriba	1.0	
nachz	1.0	
schike	1.0	
trotzdem-	1.0	
gwösst	1.0	
Heyo	1.0	
redactedQ19tokens110characters	1.0	
vermuatig	1.0	
<3	1.0	
gaanz	1.0	
lo	1.0	
somit	1.0	
Zensurfiir	1.0	
ahgeh	1.0	
xehni	1.0	
oli	1.0	
gosch	1.0	
teile	1.0	
kasse	1.0	
lust	1.0	
sunntig	1.0	
!!!!	1.0	
CONGRATS	1.0	
redactedQ6tokens42characters	1.0	
fotografie	1.0	
bestaetigt	1.0	
abgstumme	1.0	
k	1.0	
NNN.-	1.0	
zahlt	1.0	
rest	1.0	
scjoen	1.0	
frank	1.0	
videos	1.0	
jutub	1.0	
muend	1.0	
gwuesst	1.0	
hender	1.0	
gfroget	1.0	
machs	1.0	
afoch	1.0	
überrede	1.0	
shoppe	1.0	
tschegge	1.0	
schaffed	1.0	
nono	1.0	
passwort	1.0	
bedüte	1.0	
anim	1.0	
nonie	1.0	1.0
zrug	1.0	
gebs	1.0	
giulia	1.0	
dermasse	1.0	
grüessli	1.0	
:)))	1.0	
möcht	1.0	
gmolde	1.0	
redactedQ10tokens70characters	1.0	
möchtsch	1.0	
redactedQ24tokens116characters	1.0	
müese	1.0	
pibbo	1.0	
dreckig	1.0	
liebschte	1.0	
abe	1.0	
sish	1.0	
feld	1.0	
nerd	1.0	
bischn	1.0	
antwortet	1.0	
vrsproche	1.0	
mr	1.0	
uerä	1.0	
Chume	1.0	
your	1.0	
take	1.0	
rechtsberatig	1.0	
werish	1.0	
shriebe	1.0	
pa	1.0	
verständlich	1.0	
erledige	1.0	
bedüted	1.0	
Samstig	1.0	
Mittwochnamittag	1.0	
wiitergeh	1.0	
Hallo	1.0	
riesig	1.0	
Chance	1.0	
Hei	1.0	
opfer	1.0	
schaetzed	1.0	
paarne	1.0	
elmar	1.0	
sletzte	1.0	
unterschribi	1.0	
dusse	1.0	
usgschlosse	1.0	
bliibe	1.0	
heia	1.0	
élo	1.0	
bide	1.0	
elter	1.0	
fruendin	1.0	
sucht	1.0	
linker	1.0	
ledig	1.0	
bauer	1.0	
ahahahah	1.0	
chloé	1.0	
xicht	1.0	
usschnitt	1.0	
anezoomte	1.0	
wuesst	1.0	
garten	1.0	
gerolds	1.0	
hoffs	1.0	
redactedQ16tokens77characters	1.0	
Ueeh	1.0	
gwarnt	1.0	
shots	1.0	
duet	1.0	
mitbecho	1.0	
jannine	1.0	
Mega	1.0	
luegi	1.0	
Regnet	1.0	
regent	1.0	
büste	1.0	
Chöndsch	1.0	
erstellt	1.0	
negativ	1.0	
zumindest	1.0	
aflähe	1.0	
werdet	1.0	
rich	1.0	
werdemer	1.0	
sing	1.0	
besichtige	1.0	
wor	1.0	
ohrhöhrer	1.0	
mehreri	1.0	
exams	1.0	
schwöster	1.0	
trennig	1.0	
ganga	1.0	
ornella	1.0	
best	1.0	
Judit	1.0	
redactedQ9tokens36characters	1.0	
verbarme	1.0	
früeh	1.0	
hus	1.0	
aurore	1.0	
tschau	1.0	
Neneiiii	1.0	
quelle	1.0	
ade	1.0	
Chöntet	1.0	
jose	1.0	
flauschig	1.0	
Gseht	1.0	
Ooooooh	1.0	
erwähnt	1.0	
Buaaah	1.0	
History	1.0	
gsie	1.0	
expandiere	1.0	
Chopf	1.0	
igschätzt	1.0	
those	1.0	
lets	1.0	
genius	1.0	
Wooooah	1.0	
stress	1.0	
zvil	1.0	
wega	1.0	
eba	1.0	
dasch	1.0	
hoppla	1.0	
blibsch	1.0	
Luagsch	1.0	
tickets	1.0	
schwizerhof	1.0	
Brucht	1.0	
umma	1.0	
bedenklich	1.0	
moralisch	1.0	
Sache	1.0	
ishliesse	1.0	
redactedQ5tokens31characters	1.0	
abstand	1.0	
verwirrt	1.0	
son	1.0	
like	1.0	
Mother	1.0	
Mueter	1.0	
Ordnig	1.0	
würi	1.0	
Regle	1.0	
schrecklich	1.0	
türvorhäng	1.0	
ai	1.0	
verdiene	1.0	
money	1.0	
vil	1.0	
44	1.0	
verbindets	1.0	
yey	1.0	
supertoll	1.0	
Wuuuaaah	1.0	
fehlst	1.0	
Duet	1.0	
mitteilen	1.0	
wollte	1.0	
banane	1.0	
Halliahallo	1.0	
weisst	1.0	
commentar	1.0	
Din	1.0	
t	1.0	
Jaja	1.0	
verhindere	1.0	
emojiQconfoundedFace	1.0	
unbeschränkte	1.0	
verspätung	1.0	
redactedQ13tokens62characters	1.0	
redactedQ30tokens148characters	1.0	
Joops	1.0	
anderna	1.0	
latin	1.0	
mäntig	1.0	
kriagi	1.0	
nohdenka	1.0	
tot	1.0	
gian-luca	1.0	
drgega	1.0	
könnti	1.0	
übbera	1.0	
machens	1.0	
wüssen	1.0	
redactedQ18tokens105characters	1.0	
blööd	1.0	
aig	1.0	
redactedQ13tokens86characters	1.0	
mahi	1.0	
mitkriagt	1.0	
gshriba	1.0	
yatzy	1.0	
glacht	1.0	
garni	1.0	
gebetet	1.0	
redactedQ37tokens190characters	1.0	
klassafoti	1.0	
ins	1.0	
naii	1.0	
aim	1.0	
abwiisend	1.0	
shaiSse	1.0	
redactedQ25tokens146characters	1.0	
rota	1.0	
törfsh	1.0	
sämi	1.0	
vum	1.0	1.0
drbi	1.0	
schuu	1.0	
wemmer	1.0	
gfunda	1.0	
hamma	1.0	
redactedQ33tokens171characters	1.0	
????	1.0	
redactedQ16tokens84characters	1.0	
natürlich-	1.0	
ahgfanga	1.0	
segga	1.0	
ihra	1.0	
Nai	1.0	
behindert	1.0	
böh	1.0	
sins	1.0	
redactedQ10tokens43characters	1.0	
mendrs	1.0	
aunc	1.0	
ei	1.0	
turitg	1.0	
hai	1.0	
klassakollegin	1.0	
shisha	1.0	
obadruf	1.0	
gföhrlich	1.0	
redactedQ6tokens39characters	1.0	
könns	1.0	
shaZzali	1.0	
redactedQ25tokens127characters	1.0	
luaga	1.0	
muas	1.0	
umfall	1.0	
wiiterleite	1.0	
Helferinne	1.0	
per	1.0	
blatt	1.0	
gérald	1.0	
sändu	1.0	
gie	1.0	
emojiQkissMark	1.0	
hoffa	1.0	
Yöö	1.0	
törf	1.0	
schual	1.0	
obi	1.0	
carsten	1.0	
liab	1.0	
schaisse	1.0	
Lach	1.0	
numma	1.0	
Back	1.0	
calvin	1.0	
redactedQ38tokens202characters	1.0	
gl	1.0	
redactedQ4tokens47characters	1.0	
saish	1.0	
redactedQ18tokens101characters	1.0	
gera	1.0	
bechunsch	1.0	
umkheit	1.0	
31	1.0	
GB	1.0	
redactedQ13tokens72characters	1.0	1.0
redactedQ10tokens40characters	1.0	
behandlet	1.0	
zhaw		2.0
söt		1.0
klappe		1.0
dinge		1.0
guter		1.0
schwarz		1.0
fresse		1.0
gshafft		1.0
dasis		1.0
hegisch		1.0
Wäge		1.0
blinzle		1.0
dasi		1.0
gleis		1.0
bahnhof		1.0
schnalleds		1.0
usefindisch		1.0
4i		1.0
sch		1.0
Ooh		1.0
ball		1.0
catia		1.0
englisch		1.0
gschit		1.0
übernachte		1.0
öpert		1.0
sat		2.0
indéterminé		1.0
demfau		1.0
recherche		1.0
klassekamerade		1.0
unsympathish		1.0
bus		1.0
hand		1.0
gsehts		1.0
dead		1.0
tatsächlich		1.0
more		1.0
home		2.0
sweet		1.0
antworte		1.0
Wärsch		1.0
berüchtigter		1.0
ziitalter		1.0
ineme		1.0
alter		1.0
ersti		1.0
kennelerne		1.0
ungerwägs		1.0
während		1.0
watter		1.0
müettere		1.0
voraum		1.0
sorg		1.0
Sini		1.0
länger		1.0
studiere		1.0
verlüre		1.0
läse		1.0
schiud		1.0
staa		1.0
paul		1.0
verzeuä		1.0
weuä		1.0
vorsteuä		1.0
gel		1.0
auto		2.0
schwarze		1.0
Rat		1.0
Wow		1.0
wasi		1.0
aa		1.0
frogt		1.0
